Request,Payload,Status code,Time of day,Response received,Response completed,Error,Timeout,Length,Cookies,Comment
1,400111,200,1776708155370,131,131,false,false,216,,
2,400112,200,1776708155370,130,130,false,false,216,,
3,400113,200,1776708155371,130,130,false,false,216,,
4,400114,200,1776708155371,130,130,false,false,216,,
5,400115,200,1776708155371,130,130,false,false,216,,
6,400116,200,1776708155371,130,130,false,false,216,,
7,400117,200,1776708155371,194,194,false,false,216,,
8,400118,200,1776708155371,194,194,false,false,216,,
9,400119,200,1776708155371,194,194,false,false,216,,
10,400120,200,1776708155504,130,130,false,false,216,,
11,400121,200,1776708155504,130,130,false,false,216,,
12,400122,200,1776708155504,130,130,false,false,216,,
13,400123,200,1776708155502,132,132,false,false,216,,
14,400124,200,1776708155504,130,130,false,false,216,,
15,400125,200,1776708155503,131,131,false,false,216,,
16,400126,200,1776708155504,130,130,false,false,216,,
17,400127,200,1776708155566,132,132,false,false,216,,
18,400128,200,1776708155566,196,196,false,false,216,,
19,400129,200,1776708155567,196,196,false,false,216,,
20,400130,200,1776708155635,127,127,false,false,216,,
21,400131,200,1776708155636,127,127,false,false,216,,
22,400132,200,1776708155636,126,126,false,false,216,,
23,400133,200,1776708155636,127,127,false,false,216,,
24,400134,200,1776708155637,191,191,false,false,216,,
25,400135,200,1776708155636,127,127,false,false,216,,
26,400136,200,1776708155637,126,126,false,false,216,,
27,400137,200,1776708155700,197,197,false,false,216,,
28,400138,200,1776708155765,131,131,false,false,216,,
29,400139,200,1776708155765,131,131,false,false,216,,
30,400140,200,1776708155766,131,131,false,false,216,,
31,400141,200,1776708155766,131,131,false,false,216,,
32,400142,200,1776708155765,132,132,false,false,216,,
33,400143,200,1776708155766,130,130,false,false,216,,
34,400144,200,1776708155765,131,131,false,false,216,,
35,400145,200,1776708155766,130,130,false,false,216,,
36,400146,200,1776708155830,136,136,false,false,216,,
37,400147,200,1776708155898,132,132,false,false,216,,
38,400148,200,1776708155900,194,194,false,false,216,,
39,400149,200,1776708155898,132,132,false,false,216,,
40,400150,200,1776708155900,131,131,false,false,216,,
41,400151,200,1776708155899,131,131,false,false,216,,
42,400152,200,1776708155899,131,131,false,false,216,,
43,400153,200,1776708155900,194,194,false,false,216,,
44,400154,200,1776708155901,193,193,false,false,216,,
45,400155,200,1776708155901,193,193,false,false,216,,
46,400156,200,1776708155967,191,191,false,false,216,,
47,400157,200,1776708156032,192,192,false,false,216,,
48,400158,200,1776708156032,191,191,false,false,216,,
49,400159,200,1776708156032,191,191,false,false,216,,
50,400160,200,1776708156032,191,191,false,false,216,,
51,400161,200,1776708156032,191,191,false,false,216,,
52,400162,200,1776708156096,191,191,false,false,216,,
53,400163,200,1776708156097,191,191,false,false,216,,
54,400164,200,1776708156096,191,191,false,false,216,,
55,400165,200,1776708156097,191,191,false,false,216,,
56,400166,200,1776708156160,192,192,false,false,216,,
57,400167,200,1776708156225,127,127,false,false,216,,
58,400168,200,1776708156225,126,126,false,false,216,,
59,400169,200,1776708156226,126,126,false,false,216,,
60,400170,200,1776708156225,127,127,false,false,216,,
61,400171,200,1776708156226,126,126,false,false,216,,
62,400172,200,1776708156288,143,143,false,false,216,,
63,400173,200,1776708156289,209,209,false,false,216,,
64,400174,200,1776708156289,209,209,false,false,216,,
65,400175,200,1776708156288,210,210,false,false,216,,
66,400176,200,1776708156353,145,145,false,false,216,,
67,400177,200,1776708156353,145,145,false,false,216,,
68,400178,200,1776708156354,144,144,false,false,216,,
69,400179,200,1776708156354,144,144,false,false,216,,
70,400180,200,1776708156353,145,145,false,false,216,,
71,400181,200,1776708156354,144,144,false,false,216,,
72,400182,200,1776708156433,145,145,false,false,216,,
73,400183,200,1776708156501,131,131,false,false,216,,
74,400184,200,1776708156502,130,130,false,false,216,,
75,400185,200,1776708156501,131,131,false,false,216,,
76,400186,200,1776708156502,194,194,false,false,216,,
77,400187,200,1776708156500,131,131,false,false,216,,
78,400188,200,1776708156501,131,131,false,false,216,,
79,400189,200,1776708156502,130,130,false,false,216,,
80,400190,200,1776708156502,193,193,false,false,216,,
81,400191,200,1776708156503,193,193,false,false,216,,
82,400192,200,1776708156580,186,186,false,false,216,,
83,400193,200,1776708156635,131,131,false,false,216,,
84,400194,200,1776708156634,132,132,false,false,216,,
85,400195,200,1776708156634,131,131,false,false,216,,
86,400196,200,1776708156635,131,131,false,false,216,,
87,400197,200,1776708156634,132,132,false,false,216,,
88,400198,200,1776708156635,130,130,false,false,216,,
89,400199,200,1776708156698,132,132,false,false,216,,
90,400200,200,1776708156698,196,196,false,false,216,,
91,400201,200,1776708156699,195,196,false,false,216,,
92,400202,200,1776708156768,127,127,false,false,216,,
93,400203,200,1776708156769,126,126,false,false,216,,
94,400204,200,1776708156769,126,126,false,false,216,,
95,400205,200,1776708156769,125,125,false,false,216,,
96,400206,200,1776708156768,126,126,false,false,216,,
97,400207,200,1776708156769,125,125,false,false,216,,
98,400208,200,1776708156768,126,126,false,false,216,,
99,400209,200,1776708156831,126,127,false,false,216,,
100,400210,200,1776708156896,127,127,false,false,216,,
101,400211,200,1776708156897,125,125,false,false,216,,
102,400212,200,1776708156896,126,126,false,false,216,,
103,400213,200,1776708156897,126,126,false,false,216,,
104,400214,200,1776708156898,188,188,false,false,216,,
105,400215,200,1776708156898,125,125,false,false,216,,
106,400216,200,1776708156898,125,125,false,false,216,,
107,400217,200,1776708156898,189,189,false,false,216,,
108,400218,200,1776708156897,126,126,false,false,216,,
109,400219,200,1776708156959,192,192,false,false,216,,
110,400220,200,1776708157024,127,127,false,false,216,,
111,400221,200,1776708157026,126,126,false,false,216,,
112,400222,200,1776708157026,126,126,false,false,216,,
113,400223,200,1776708157025,127,127,false,false,216,,
114,400224,200,1776708157025,126,126,false,false,216,,
115,400225,200,1776708157026,125,125,false,false,216,,
116,400226,200,1776708157027,190,190,false,false,216,,
117,400227,200,1776708157088,197,197,false,false,216,,
118,400228,200,1776708157089,197,197,false,false,216,,
119,400229,200,1776708157153,133,133,false,false,216,,
120,400230,200,1776708157155,131,131,false,false,216,,
121,400231,200,1776708157154,131,131,false,false,216,,
122,400232,200,1776708157155,131,131,false,false,216,,
123,400233,200,1776708157155,131,131,false,false,216,,
124,400234,200,1776708157154,132,132,false,false,216,,
125,400235,200,1776708157154,132,132,false,false,216,,
126,400236,200,1776708157218,133,133,false,false,216,,
127,400237,200,1776708157287,128,128,false,false,216,,
128,400238,200,1776708157288,128,128,false,false,216,,
129,400239,200,1776708157289,127,127,false,false,216,,
130,400240,200,1776708157290,190,190,false,false,216,,
131,400241,200,1776708157288,128,128,false,false,216,,
132,400242,200,1776708157289,127,127,false,false,216,,
133,400243,200,1776708157291,188,188,false,false,216,,
134,400244,200,1776708157288,127,127,false,false,216,,
135,400245,200,1776708157291,188,188,false,false,216,,
136,400246,200,1776708157353,197,197,false,false,216,,
137,400247,200,1776708157419,131,131,false,false,216,,
138,400248,200,1776708157418,131,131,false,false,216,,
139,400249,200,1776708157418,132,132,false,false,216,,
140,400250,200,1776708157418,131,132,false,false,216,,
141,400251,200,1776708157417,132,132,false,false,216,,
142,400252,200,1776708157419,130,130,false,false,216,,
143,400253,200,1776708157481,218,218,false,false,216,,
144,400254,200,1776708157481,218,218,false,false,216,,
145,400255,200,1776708157482,150,151,false,false,216,,
146,400256,200,1776708157551,148,148,false,false,216,,
147,400257,200,1776708157552,147,147,false,false,216,,
148,400258,200,1776708157552,147,147,false,false,216,,
149,400259,200,1776708157553,146,146,false,false,216,,
150,400260,200,1776708157552,147,147,false,false,216,,
151,400261,200,1776708157553,146,146,false,false,216,,
152,400262,200,1776708157553,146,146,false,false,216,,
153,400263,200,1776708157634,150,150,false,false,216,,
154,400264,200,1776708157702,131,131,false,false,216,,
155,400265,200,1776708157701,132,132,false,false,216,,
156,400266,200,1776708157703,130,130,false,false,216,,
157,400267,200,1776708157704,194,194,false,false,216,,
158,400268,200,1776708157701,132,132,false,false,216,,
159,400269,200,1776708157703,129,129,false,false,216,,
160,400270,200,1776708157704,193,193,false,false,216,,
161,400271,200,1776708157702,131,131,false,false,216,,
162,400272,200,1776708157704,193,193,false,false,216,,
163,400273,200,1776708157786,181,181,false,false,216,,
164,400274,200,1776708157834,132,132,false,false,216,,
165,400275,200,1776708157835,132,132,false,false,216,,
166,400276,200,1776708157835,132,132,false,false,216,,
167,400277,200,1776708157836,131,131,false,false,216,,
168,400278,200,1776708157836,130,130,false,false,216,,
169,400279,200,1776708157835,131,131,false,false,216,,
170,400280,200,1776708157899,202,202,false,false,216,,
171,400281,200,1776708157900,147,147,false,false,216,,
172,400282,200,1776708157899,202,202,false,false,216,,
173,400283,200,1776708157969,132,132,false,false,216,,
174,400284,200,1776708157969,132,132,false,false,216,,
175,400285,200,1776708157971,186,186,false,false,216,,
176,400286,200,1776708157969,132,132,false,false,216,,
177,400287,200,1776708157970,131,131,false,false,216,,
178,400288,200,1776708157970,131,131,false,false,216,,
179,400289,200,1776708157970,131,131,false,false,216,,
180,400290,200,1776708158048,174,174,false,false,216,,
181,400291,200,1776708158105,181,181,false,false,216,,
182,400292,200,1776708158103,118,118,false,false,216,,
183,400293,200,1776708158104,117,117,false,false,216,,
184,400294,200,1776708158103,119,119,false,false,216,,
185,400295,200,1776708158103,118,118,false,false,216,,
186,400296,200,1776708158105,180,180,false,false,216,,
187,400297,200,1776708158104,118,118,false,false,216,,
188,400298,200,1776708158105,117,117,false,false,216,,
189,400299,200,1776708158158,128,128,false,false,216,,
190,400300,200,1776708158223,133,133,false,false,216,,
191,400301,200,1776708158224,133,133,false,false,216,,
192,400302,200,1776708158224,132,132,false,false,216,,
193,400303,200,1776708158225,131,131,false,false,216,,
194,400304,200,1776708158225,132,132,false,false,216,,
195,400305,200,1776708158224,132,132,false,false,216,,
196,400306,200,1776708158225,131,131,false,false,216,,
197,400307,200,1776708158287,203,203,false,false,216,,
198,400308,200,1776708158288,203,203,false,false,216,,
199,400309,200,1776708158288,148,148,false,false,216,,
200,400310,200,1776708158358,132,132,false,false,216,,
201,400311,200,1776708158359,131,131,false,false,216,,
202,400312,200,1776708158359,132,132,false,false,216,,
203,400313,200,1776708158360,130,130,false,false,216,,
204,400314,200,1776708158359,131,131,false,false,216,,
205,400315,200,1776708158360,183,183,false,false,216,,
206,400316,200,1776708158359,131,131,false,false,216,,
207,400317,200,1776708158437,187,187,false,false,216,,
208,400318,200,1776708158493,132,132,false,false,216,,
209,400319,200,1776708158493,131,131,false,false,216,,
210,400320,200,1776708158493,131,131,false,false,216,,
211,400321,200,1776708158494,131,131,false,false,216,,
212,400322,200,1776708158494,130,130,false,false,216,,
213,400323,200,1776708158492,132,132,false,false,216,,
214,400324,200,1776708158493,132,132,false,false,216,,
215,400325,200,1776708158492,132,132,false,false,216,,
216,400326,200,1776708158545,148,148,false,false,216,,
217,400327,200,1776708158628,130,130,false,false,216,,
218,400328,200,1776708158626,131,131,false,false,216,,
219,400329,200,1776708158629,193,193,false,false,216,,
220,400330,200,1776708158629,193,193,false,false,216,,
221,400331,200,1776708158627,131,131,false,false,216,,
222,400332,200,1776708158627,130,130,false,false,216,,
223,400333,200,1776708158628,129,129,false,false,216,,
224,400334,200,1776708158628,129,129,false,false,216,,
225,400335,200,1776708158629,192,192,false,false,216,,
226,400336,200,1776708158694,196,196,false,false,216,,
227,400337,200,1776708158759,132,132,false,false,216,,
228,400338,200,1776708158760,131,131,false,false,216,,
229,400339,200,1776708158759,131,132,false,false,216,,
230,400340,200,1776708158760,131,131,false,false,216,,
231,400341,200,1776708158761,130,130,false,false,216,,
232,400342,200,1776708158761,130,130,false,false,216,,
233,400343,200,1776708158823,132,132,false,false,216,,
234,400344,200,1776708158824,198,198,false,false,216,,
235,400345,200,1776708158824,198,198,false,false,216,,
236,400346,200,1776708158892,130,130,false,false,216,,
237,400347,200,1776708158892,131,131,false,false,216,,
238,400348,200,1776708158892,130,130,false,false,216,,
239,400349,200,1776708158892,130,130,false,false,216,,
240,400350,200,1776708158892,130,130,false,false,216,,
241,400351,200,1776708158892,130,130,false,false,216,,
242,400352,200,1776708158892,130,130,false,false,216,,
243,400353,200,1776708158957,132,132,false,false,216,,
244,400354,200,1776708159024,130,130,false,false,216,,
245,400355,200,1776708159025,192,192,false,false,216,,
246,400356,200,1776708159025,193,193,false,false,216,,
247,400357,200,1776708159024,129,129,false,false,216,,
248,400358,200,1776708159024,129,129,false,false,216,,
249,400359,200,1776708159025,129,129,false,false,216,,
250,400360,200,1776708159025,129,129,false,false,216,,
251,400361,200,1776708159025,129,129,false,false,216,,
252,400362,200,1776708159024,130,130,false,false,216,,
253,400363,200,1776708159091,197,197,false,false,216,,
254,400364,200,1776708159155,132,132,false,false,216,,
255,400365,200,1776708159156,131,131,false,false,216,,
256,400366,200,1776708159156,131,131,false,false,216,,
257,400367,200,1776708159157,131,131,false,false,216,,
258,400368,200,1776708159156,132,132,false,false,216,,
259,400369,200,1776708159156,132,132,false,false,216,,
260,400370,200,1776708159157,131,131,false,false,216,,
261,400371,200,1776708159219,133,133,false,false,216,,
262,400372,200,1776708159220,200,200,false,false,216,,
263,400373,200,1776708159289,131,131,false,false,216,,
264,400374,200,1776708159289,131,131,false,false,216,,
265,400375,200,1776708159289,131,131,false,false,216,,
266,400376,200,1776708159289,132,132,false,false,216,,
267,400377,200,1776708159289,131,131,false,false,216,,
268,400378,200,1776708159289,346,346,false,false,216,,
269,400379,200,1776708159289,279,279,false,false,216,,
270,400380,200,1776708159289,346,346,false,false,216,,
271,400381,200,1776708159354,281,281,false,false,216,,
272,400382,200,1776708159422,213,213,false,false,216,,
273,400383,200,1776708159421,214,214,false,false,216,,
274,400384,200,1776708159422,214,214,false,false,216,,
275,400385,200,1776708159422,213,213,false,false,216,,
276,400386,200,1776708159421,214,214,false,false,216,,
277,400387,200,1776708159421,214,214,false,false,216,,
278,400388,200,1776708159570,129,129,false,false,216,,
279,400389,200,1776708159639,188,188,false,false,216,,
280,400390,200,1776708159638,124,124,false,false,216,,
281,400391,200,1776708159637,126,126,false,false,216,,
282,400392,200,1776708159639,124,124,false,false,216,,
283,400393,200,1776708159639,188,188,false,false,216,,
284,400394,200,1776708159639,188,188,false,false,216,,
285,400395,200,1776708159638,125,125,false,false,216,,
286,400396,200,1776708159637,126,126,false,false,216,,
287,400397,200,1776708159638,125,125,false,false,216,,
288,400398,200,1776708159700,195,195,false,false,216,,
289,400399,200,1776708159766,129,129,false,false,216,,
290,400400,200,1776708159766,130,130,false,false,216,,
291,400401,200,1776708159765,131,131,false,false,216,,
292,400402,200,1776708159765,131,131,false,false,216,,
293,400403,200,1776708159765,130,130,false,false,216,,
294,400404,200,1776708159765,130,130,false,false,216,,
295,400405,200,1776708159829,146,146,false,false,216,,
296,400406,200,1776708159829,200,200,false,false,216,,
297,400407,200,1776708159829,200,200,false,false,216,,
298,400408,200,1776708159898,132,132,false,false,216,,
299,400409,200,1776708159899,131,131,false,false,216,,
300,400410,200,1776708159899,131,131,false,false,216,,
301,400411,200,1776708159898,131,131,false,false,216,,
302,400412,200,1776708159900,183,183,false,false,216,,
303,400413,200,1776708159898,131,131,false,false,216,,
304,400414,200,1776708159899,130,130,false,false,216,,
305,400415,200,1776708159976,186,186,false,false,216,,
306,400416,200,1776708160032,130,130,false,false,216,,
307,400417,200,1776708160032,130,130,false,false,216,,
308,400418,200,1776708160031,132,132,false,false,216,,
309,400419,200,1776708160033,130,130,false,false,216,,
310,400420,200,1776708160032,131,131,false,false,216,,
311,400421,200,1776708160033,194,194,false,false,216,,
312,400422,200,1776708160031,131,131,false,false,216,,
313,400423,200,1776708160032,131,131,false,false,216,,
314,400424,200,1776708160084,213,213,false,false,216,,
315,400425,200,1776708160164,132,132,false,false,216,,
316,400426,200,1776708160165,132,132,false,false,216,,
317,400427,200,1776708160164,132,132,false,false,216,,
318,400428,200,1776708160164,132,132,false,false,216,,
319,400429,200,1776708160165,132,132,false,false,216,,
320,400430,200,1776708160165,131,132,false,false,216,,
321,400431,200,1776708160165,132,132,false,false,216,,
322,400432,200,1776708160165,131,131,false,false,216,,
323,400433,200,1776708160228,202,202,false,false,216,,
324,400434,200,1776708160298,132,132,false,false,216,,
325,400435,200,1776708160299,131,131,false,false,216,,
326,400436,200,1776708160299,132,132,false,false,216,,
327,400437,200,1776708160299,131,131,false,false,216,,
328,400438,200,1776708160300,130,130,false,false,216,,
329,400439,200,1776708160300,82,82,false,false,216,,
330,400440,200,1776708160300,131,131,false,false,216,,
331,400441,200,1776708160300,194,194,false,false,216,,
332,400442,200,1776708160299,132,132,false,false,216,,
333,400443,200,1776708160383,175,175,false,false,216,,
334,400444,200,1776708160433,126,126,false,false,216,,
335,400445,200,1776708160433,126,126,false,false,216,,
336,400446,200,1776708160433,126,126,false,false,216,,
337,400447,200,1776708160434,125,125,false,false,216,,
338,400448,200,1776708160433,125,125,false,false,216,,
339,400449,200,1776708160434,125,125,false,false,216,,
340,400450,200,1776708160434,125,125,false,false,216,,
341,400451,200,1776708160434,189,189,false,false,216,,
342,400452,200,1776708160496,128,128,false,false,216,,
343,400453,200,1776708160561,132,132,false,false,216,,
344,400454,200,1776708160562,130,130,false,false,216,,
345,400455,200,1776708160561,131,131,false,false,216,,
346,400456,200,1776708160562,130,130,false,false,216,,
347,400457,200,1776708160563,130,130,false,false,216,,
348,400458,200,1776708160562,130,130,false,false,216,,
349,400459,200,1776708160561,131,131,false,false,216,,
350,400460,200,1776708160562,131,131,false,false,216,,
351,400461,200,1776708160624,146,146,false,false,216,,
352,400462,200,1776708160625,199,199,false,false,216,,
353,400463,200,1776708160695,182,182,false,false,216,,
354,400464,200,1776708160695,181,181,false,false,216,,
355,400465,200,1776708160694,182,182,false,false,216,,
356,400466,200,1776708160695,181,181,false,false,216,,
357,400467,200,1776708160696,181,181,false,false,216,,
358,400468,200,1776708160694,182,182,false,false,216,,
359,400469,200,1776708160696,180,180,false,false,216,,
360,400470,200,1776708160695,181,181,false,false,216,,
361,400471,200,1776708160772,168,168,false,false,216,,
362,400472,200,1776708160825,185,185,false,false,216,,
363,400473,200,1776708160878,131,131,false,false,216,,
364,400474,200,1776708160878,132,132,false,false,216,,
365,400475,200,1776708160879,130,130,false,false,216,,
366,400476,200,1776708160879,131,131,false,false,216,,
367,400477,200,1776708160880,130,130,false,false,216,,
368,400478,200,1776708160880,130,130,false,false,216,,
369,400479,200,1776708160880,129,129,false,false,216,,
370,400480,200,1776708160879,131,131,false,false,216,,
371,400481,200,1776708160942,204,204,false,false,216,,
372,400482,200,1776708161012,134,134,false,false,216,,
373,400483,200,1776708161012,84,84,false,false,216,,
374,400484,200,1776708161011,134,134,false,false,216,,
375,400485,200,1776708161012,133,133,false,false,216,,
376,400486,200,1776708161013,132,132,false,false,216,,
377,400487,200,1776708161013,133,133,false,false,216,,
378,400488,200,1776708161013,133,133,false,false,216,,
379,400489,200,1776708161014,187,187,false,false,216,,
380,400490,200,1776708161014,186,187,false,false,216,,
381,400491,200,1776708161098,183,183,false,false,216,,
382,400492,200,1776708161147,133,133,false,false,216,,
383,400493,200,1776708161149,132,132,false,false,216,,
384,400494,200,1776708161149,132,132,false,false,216,,
385,400495,200,1776708161148,133,133,false,false,216,,
386,400496,200,1776708161148,132,132,false,false,216,,
387,400497,200,1776708161149,132,132,false,false,216,,
388,400498,200,1776708161148,133,133,false,false,216,,
389,400499,200,1776708161202,117,117,false,false,216,,
390,400500,200,1776708161202,193,193,false,false,216,,
391,400501,200,1776708161284,131,131,false,false,216,,
392,400502,200,1776708161284,131,131,false,false,216,,
393,400503,200,1776708161284,131,131,false,false,216,,
394,400504,200,1776708161282,133,133,false,false,216,,
395,400505,200,1776708161283,132,132,false,false,216,,
396,400506,200,1776708161283,132,132,false,false,216,,
397,400507,200,1776708161283,132,132,false,false,216,,
398,400508,200,1776708161284,131,131,false,false,216,,
399,400509,200,1776708161321,160,160,false,false,216,,
400,400510,200,1776708161397,148,148,false,false,216,,
401,400511,200,1776708161418,128,128,false,false,216,,
402,400512,200,1776708161417,128,128,false,false,216,,
403,400513,200,1776708161419,190,190,false,false,216,,
200,400514,200,1776708161419,191,191,false,false,216,,
405,400515,200,1776708161418,127,127,false,false,216,,
406,400516,200,1776708161418,127,127,false,false,216,,
407,400517,200,1776708161418,127,127,false,false,216,,
408,400518,200,1776708161417,128,128,false,false,216,,
409,400519,200,1776708161482,127,127,false,false,216,,
410,400520,200,1776708161547,131,131,false,false,216,,
411,400521,200,1776708161547,131,131,false,false,216,,
412,400522,200,1776708161548,130,130,false,false,216,,
413,400523,200,1776708161548,130,130,false,false,216,,
414,400524,200,1776708161549,130,130,false,false,216,,
415,400525,200,1776708161548,131,131,false,false,216,,
416,400526,200,1776708161549,130,130,false,false,216,,
417,400527,200,1776708161611,200,200,false,false,216,,
418,400528,200,1776708161612,146,146,false,false,216,,
419,400529,200,1776708161611,199,199,false,false,216,,
420,400530,200,1776708161682,129,129,false,false,216,,
421,400531,200,1776708161681,130,130,false,false,216,,
422,400532,200,1776708161683,178,178,false,false,216,,
423,400533,200,1776708161682,129,129,false,false,216,,
424,400534,200,1776708161683,178,178,false,false,216,,
425,400535,200,1776708161681,129,130,false,false,216,,
426,400536,200,1776708161682,128,128,false,false,216,,
427,400537,200,1776708161759,184,184,false,false,216,,
428,400538,200,1776708161813,130,130,false,false,216,,
429,400539,200,1776708161812,131,131,false,false,216,,
430,400540,200,1776708161813,130,130,false,false,216,,
431,400541,200,1776708161813,130,130,false,false,216,,
432,400542,200,1776708161814,129,130,false,false,216,,
433,400543,200,1776708161813,130,130,false,false,216,,
434,400544,200,1776708161814,129,129,false,false,216,,
435,400545,200,1776708161862,160,160,false,false,216,,
436,400546,200,1776708161862,227,228,false,false,216,,
437,400547,200,1776708161945,145,145,false,false,216,,
438,400548,200,1776708161945,145,145,false,false,216,,
439,400549,200,1776708161946,144,144,false,false,216,,
440,400550,200,1776708161946,144,144,false,false,216,,
441,400551,200,1776708161945,145,145,false,false,216,,
442,400552,200,1776708161946,144,144,false,false,216,,
443,400553,200,1776708161946,144,144,false,false,216,,
444,400554,200,1776708161947,144,144,false,false,216,,
445,400555,200,1776708162024,133,134,false,false,216,,
446,400556,200,1776708162092,132,132,false,false,216,,
447,400557,200,1776708162093,131,131,false,false,216,,
448,400558,200,1776708162093,132,132,false,false,216,,
449,400559,200,1776708162092,132,132,false,false,216,,
450,400560,200,1776708162094,131,131,false,false,216,,
451,400561,200,1776708162093,131,131,false,false,216,,
452,400562,200,1776708162092,132,132,false,false,216,,
453,400563,200,1776708162094,194,194,false,false,216,,
454,400564,200,1776708162094,194,194,false,false,216,,
455,400565,200,1776708162159,198,198,false,false,216,,
456,400566,200,1776708162226,131,131,false,false,216,,
457,400567,200,1776708162226,131,131,false,false,216,,
458,400568,200,1776708162226,131,131,false,false,216,,
459,400569,200,1776708162226,131,131,false,false,216,,
460,400570,200,1776708162227,130,130,false,false,216,,
461,400571,200,1776708162226,131,131,false,false,216,,
462,400572,200,1776708162227,130,130,false,false,216,,
463,400573,200,1776708162289,135,135,false,false,216,,
464,400574,200,1776708162289,201,201,false,false,216,,
465,400575,200,1776708162358,132,132,false,false,216,,
466,400576,200,1776708162359,132,132,false,false,216,,
467,400577,200,1776708162358,132,132,false,false,216,,
468,400578,200,1776708162359,132,132,false,false,216,,
469,400579,200,1776708162359,132,132,false,false,216,,
470,400580,200,1776708162359,132,132,false,false,216,,
471,400581,200,1776708162359,132,132,false,false,216,,
472,400582,200,1776708162359,132,132,false,false,216,,
473,400583,200,1776708162425,129,129,false,false,216,,
474,400584,200,1776708162493,124,124,false,false,216,,
475,400585,200,1776708162492,125,125,false,false,216,,
476,400586,200,1776708162492,125,125,false,false,216,,
477,400587,200,1776708162493,125,125,false,false,216,,
478,400588,200,1776708162493,124,124,false,false,216,,
479,400589,200,1776708162493,124,124,false,false,216,,
480,400590,200,1776708162494,124,124,false,false,216,,
481,400591,200,1776708162494,123,123,false,false,216,,
482,400592,200,1776708162494,192,192,false,false,216,,
483,400593,200,1776708162556,130,130,false,false,216,,
484,400594,200,1776708162622,193,193,false,false,216,,
485,400595,200,1776708162620,131,131,false,false,216,,
486,400596,200,1776708162620,131,131,false,false,216,,
487,400597,200,1776708162619,132,132,false,false,216,,
488,400598,200,1776708162620,130,130,false,false,216,,
489,400599,200,1776708162620,130,130,false,false,216,,
490,400600,200,1776708162621,130,130,false,false,216,,
491,400601,200,1776708162621,129,129,false,false,216,,
492,400602,200,1776708162688,199,199,false,false,216,,
493,400603,200,1776708162689,199,199,false,false,216,,
494,400604,200,1776708162752,178,178,false,false,216,,
495,400605,200,1776708162754,177,177,false,false,216,,
496,400606,200,1776708162753,177,177,false,false,216,,
497,400607,200,1776708162753,178,178,false,false,216,,
498,400608,200,1776708162754,177,177,false,false,216,,
499,400609,200,1776708162753,177,177,false,false,216,,
500,400610,200,1776708162754,176,176,false,false,216,,
501,400611,200,1776708162816,178,178,false,false,216,,
502,400612,200,1776708162890,176,176,false,false,216,,
503,400613,200,1776708162890,175,175,false,false,216,,
504,400614,200,1776708162932,133,133,false,false,216,,
505,400615,200,1776708162934,131,131,false,false,216,,
506,400616,200,1776708162934,132,132,false,false,216,,
507,400617,200,1776708162934,131,131,false,false,216,,
508,400618,200,1776708162933,132,132,false,false,216,,
509,400619,200,1776708162933,132,132,false,false,216,,
510,400620,200,1776708162933,133,133,false,false,216,,
511,400621,200,1776708162996,133,133,false,false,216,,
512,400622,200,1776708163067,132,132,false,false,216,,
513,400623,200,1776708163069,194,194,false,false,216,,
514,400624,200,1776708163068,130,130,false,false,216,,
515,400625,200,1776708163068,131,131,false,false,216,,
516,400626,200,1776708163068,131,131,false,false,216,,
517,400627,200,1776708163068,131,131,false,false,216,,
518,400628,200,1776708163069,130,130,false,false,216,,
519,400629,200,1776708163069,194,194,false,false,216,,
520,400630,200,1776708163070,194,194,false,false,216,,
521,400631,200,1776708163131,202,202,false,false,216,,
522,400632,200,1776708163202,131,131,false,false,216,,
523,400633,200,1776708163201,132,132,false,false,216,,
524,400634,200,1776708163202,131,131,false,false,216,,
525,400635,200,1776708163202,131,131,false,false,216,,
526,400636,200,1776708163201,132,132,false,false,216,,
527,400637,200,1776708163201,132,132,false,false,216,,
528,400638,200,1776708163265,133,133,false,false,216,,
529,400639,200,1776708163266,197,197,false,false,216,,
530,400640,200,1776708163265,198,198,false,false,216,,
531,400641,200,1776708163335,128,128,false,false,216,,
532,400642,200,1776708163336,127,127,false,false,216,,
533,400643,200,1776708163337,190,190,false,false,216,,
534,400644,200,1776708163337,126,127,false,false,216,,
535,400645,200,1776708163335,127,127,false,false,216,,
536,400646,200,1776708163336,127,127,false,false,216,,
537,400647,200,1776708163335,128,128,false,false,216,,
538,400648,200,1776708163400,196,196,false,false,216,,
539,400649,200,1776708163466,131,131,false,false,216,,
540,400650,200,1776708163465,132,132,false,false,216,,
541,400651,200,1776708163466,196,196,false,false,216,,
542,400652,200,1776708163465,132,132,false,false,216,,
543,400653,200,1776708163465,131,131,false,false,216,,
544,400654,200,1776708163466,131,131,false,false,216,,
545,400655,200,1776708163467,196,196,false,false,216,,
546,400656,200,1776708163466,131,131,false,false,216,,
547,400657,200,1776708163528,202,202,false,false,216,,
548,400658,200,1776708163599,131,131,false,false,216,,
549,400659,200,1776708163600,130,130,false,false,216,,
550,400660,200,1776708163599,131,131,false,false,216,,
551,400661,200,1776708163599,132,132,false,false,216,,
552,400662,200,1776708163599,131,131,false,false,216,,
553,400663,200,1776708163600,130,130,false,false,216,,
554,400664,200,1776708163600,130,130,false,false,216,,
555,400665,200,1776708163664,149,149,false,false,216,,
556,400666,200,1776708163664,200,200,false,false,216,,
557,400667,200,1776708163732,132,132,false,false,216,,
558,400668,200,1776708163734,131,131,false,false,216,,
559,400669,200,1776708163734,198,198,false,false,216,,
560,400670,200,1776708163734,131,131,false,false,216,,
561,400671,200,1776708163734,198,198,false,false,216,,
562,400672,200,1776708163733,132,132,false,false,216,,
563,400673,200,1776708163732,132,132,false,false,216,,
564,400674,200,1776708163733,131,131,false,false,216,,
565,400675,200,1776708163815,190,190,false,false,216,,
566,400676,200,1776708163866,138,138,false,false,216,,
567,400677,200,1776708163868,137,137,false,false,216,,
568,400678,200,1776708163866,138,138,false,false,216,,
569,400679,200,1776708163867,138,138,false,false,216,,
570,400680,200,1776708163867,138,138,false,false,216,,
571,400681,200,1776708163867,137,137,false,false,216,,
572,400682,200,1776708163868,137,137,false,false,216,,
573,400683,200,1776708163934,139,139,false,false,216,,
574,400684,200,1776708163934,204,205,false,false,216,,
575,400685,200,1776708164007,132,132,false,false,216,,
576,400686,200,1776708164007,132,132,false,false,216,,
577,400687,200,1776708164007,131,131,false,false,216,,
578,400688,200,1776708164008,131,131,false,false,216,,
579,400689,200,1776708164009,195,195,false,false,216,,
580,400690,200,1776708164008,195,195,false,false,216,,
581,400691,200,1776708164007,132,132,false,false,216,,
582,400692,200,1776708164008,131,131,false,false,216,,
583,400693,200,1776708164075,129,129,false,false,216,,
584,400694,200,1776708164142,133,133,false,false,216,,
585,400695,200,1776708164141,134,134,false,false,216,,
586,400696,200,1776708164141,134,134,false,false,216,,
587,400697,200,1776708164142,133,133,false,false,216,,
588,400698,200,1776708164141,134,134,false,false,216,,
589,400699,200,1776708164142,133,133,false,false,216,,
590,400700,200,1776708164141,134,134,false,false,216,,
591,400701,200,1776708164206,219,219,false,false,216,,
592,400702,200,1776708164206,152,152,false,false,216,,
593,400703,200,1776708164206,219,219,false,false,216,,
594,400704,200,1776708164278,147,147,false,false,216,,
595,400705,200,1776708164279,147,147,false,false,216,,
596,400706,200,1776708164278,147,147,false,false,216,,
597,400707,200,1776708164277,148,148,false,false,216,,
598,400708,200,1776708164277,148,148,false,false,216,,
599,400709,200,1776708164278,147,147,false,false,216,,
600,400710,200,1776708164278,147,147,false,false,216,,
601,400711,200,1776708164359,146,146,false,false,216,,
602,400712,200,1776708164428,145,145,false,false,216,,
603,400713,200,1776708164428,145,145,false,false,216,,
604,400714,200,1776708164427,146,146,false,false,216,,
605,400715,200,1776708164427,146,146,false,false,216,,
606,400716,200,1776708164428,145,145,false,false,216,,
607,400717,200,1776708164428,145,145,false,false,216,,
608,400718,200,1776708164428,145,145,false,false,216,,
609,400719,200,1776708164429,145,145,false,false,216,,
610,400720,200,1776708164428,145,145,false,false,216,,
611,400721,200,1776708164507,133,133,false,false,216,,
612,400722,200,1776708164575,130,130,false,false,216,,
613,400723,200,1776708164577,128,128,false,false,216,,
614,400724,200,1776708164575,130,130,false,false,216,,
615,400725,200,1776708164577,129,129,false,false,216,,
616,400726,200,1776708164576,130,130,false,false,216,,
617,400727,200,1776708164577,128,128,false,false,216,,
618,400728,200,1776708164576,129,129,false,false,216,,
619,400729,200,1776708164577,191,191,false,false,216,,
620,400730,200,1776708164576,129,129,false,false,216,,
621,400731,200,1776708164642,191,191,false,false,216,,
622,400732,200,1776708164708,125,125,false,false,216,,
623,400733,200,1776708164708,126,126,false,false,216,,
624,400734,200,1776708164709,188,188,false,false,216,,
625,400735,200,1776708164707,126,126,false,false,216,,
626,400736,200,1776708164708,125,125,false,false,216,,
627,400737,200,1776708164708,125,125,false,false,216,,
628,400738,200,1776708164709,125,125,false,false,216,,
629,400739,200,1776708164709,124,124,false,false,216,,
630,400740,200,1776708164770,192,192,false,false,216,,
631,400741,200,1776708164837,189,189,false,false,216,,
632,400742,200,1776708164837,125,125,false,false,216,,
633,400743,200,1776708164835,127,127,false,false,216,,
634,400744,200,1776708164836,126,126,false,false,216,,
635,400745,200,1776708164836,127,127,false,false,216,,
636,400746,200,1776708164837,126,126,false,false,216,,
637,400747,200,1776708164836,126,126,false,false,216,,
638,400748,200,1776708164838,189,189,false,false,216,,
639,400749,200,1776708164899,127,127,false,false,216,,
640,400750,200,1776708164964,121,121,false,false,216,,
641,400751,200,1776708164965,120,120,false,false,216,,
642,400752,200,1776708164966,183,183,false,false,216,,
643,400753,200,1776708164966,119,119,false,false,216,,
644,400754,200,1776708164966,120,120,false,false,216,,
645,400755,200,1776708164965,120,120,false,false,216,,
646,400756,200,1776708164965,120,120,false,false,216,,
647,400757,200,1776708165028,192,192,false,false,216,,
648,400758,200,1776708165028,192,192,false,false,216,,
649,400759,200,1776708165028,192,192,false,false,216,,
650,400760,200,1776708165087,133,133,false,false,216,,
651,400761,200,1776708165087,133,133,false,false,216,,
652,400762,200,1776708165088,132,132,false,false,216,,
653,400763,200,1776708165088,132,132,false,false,216,,
654,400764,200,1776708165087,133,133,false,false,216,,
655,400765,200,1776708165088,132,132,false,false,216,,
656,400766,200,1776708165151,137,137,false,false,216,,
657,400767,200,1776708165223,129,129,false,false,216,,
658,400768,200,1776708165223,129,129,false,false,216,,
659,400769,200,1776708165222,130,130,false,false,216,,
660,400770,200,1776708165222,129,129,false,false,216,,
661,400771,200,1776708165222,129,129,false,false,216,,
662,400772,200,1776708165223,128,128,false,false,216,,
663,400773,200,1776708165224,192,192,false,false,216,,
664,400774,200,1776708165224,192,192,false,false,216,,
665,400775,200,1776708165225,191,191,false,false,216,,
666,400776,200,1776708165289,194,194,false,false,216,,
667,400777,200,1776708165353,130,130,false,false,216,,
668,400778,200,1776708165353,130,130,false,false,216,,
669,400779,200,1776708165353,130,130,false,false,216,,
670,400780,200,1776708165353,130,130,false,false,216,,
671,400781,200,1776708165353,130,130,false,false,216,,
672,400782,200,1776708165353,130,130,false,false,216,,
673,400783,200,1776708165417,265,265,false,false,216,,
674,400784,200,1776708165418,201,201,false,false,216,,
675,400785,200,1776708165417,130,130,false,false,216,,
676,400786,200,1776708165486,133,133,false,false,216,,
677,400787,200,1776708165485,134,134,false,false,216,,
678,400788,200,1776708165486,133,133,false,false,216,,
679,400789,200,1776708165485,134,134,false,false,216,,
680,400790,200,1776708165487,132,132,false,false,216,,
681,400791,200,1776708165487,132,132,false,false,216,,
682,400792,200,1776708165486,134,134,false,false,216,,
683,400793,200,1776708165549,134,134,false,false,216,,
684,400794,200,1776708165623,124,124,false,false,216,,
685,400795,200,1776708165623,124,124,false,false,216,,
686,400796,200,1776708165621,126,126,false,false,216,,
687,400797,200,1776708165623,187,187,false,false,216,,
688,400798,200,1776708165621,125,125,false,false,216,,
689,400799,200,1776708165622,125,125,false,false,216,,
690,400800,200,1776708165622,125,125,false,false,216,,
691,400801,200,1776708165622,124,124,false,false,216,,
692,400802,200,1776708165684,323,323,false,false,216,,
693,400803,200,1776708165684,259,259,false,false,216,,
694,400804,200,1776708165748,185,185,false,false,216,,
695,400805,200,1776708165750,194,194,false,false,216,,
696,400806,200,1776708165749,194,194,false,false,216,,
697,400807,200,1776708165750,257,257,false,false,216,,
698,400808,200,1776708165750,257,257,false,false,216,,
699,400809,200,1776708165749,194,194,false,false,216,,
700,400810,200,1776708165749,259,259,false,false,216,,
701,400811,200,1776708165812,195,195,false,false,216,,
702,400812,200,1776708165935,136,137,false,false,216,,
703,400813,200,1776708165945,191,191,false,false,216,,
704,400814,200,1776708165945,191,191,false,false,216,,
705,400815,200,1776708165946,191,191,false,false,216,,
706,400816,200,1776708165945,191,192,false,false,216,,
707,400817,200,1776708166009,192,192,false,false,216,,
708,400818,200,1776708166009,192,192,false,false,216,,
709,400819,200,1776708166010,191,191,false,false,216,,
710,400820,200,1776708166010,191,191,false,false,216,,
711,400821,200,1776708166010,191,191,false,false,216,,
712,400822,200,1776708166073,192,192,false,false,216,,
713,400823,200,1776708166138,196,196,false,false,216,,
714,400824,200,1776708166139,196,196,false,false,216,,
715,400825,200,1776708166138,196,196,false,false,216,,
716,400826,200,1776708166138,196,196,false,false,216,,
717,400827,200,1776708166203,132,132,false,false,216,,
718,400828,200,1776708166203,132,132,false,false,216,,
719,400829,200,1776708166203,132,132,false,false,216,,
720,400830,200,1776708166204,131,131,false,false,216,,
721,400831,200,1776708166203,131,131,false,false,216,,
722,400832,200,1776708166267,136,136,false,false,216,,
723,400833,200,1776708166337,133,133,false,false,216,,
724,400834,200,1776708166336,134,134,false,false,216,,
725,400835,200,1776708166339,132,132,false,false,216,,
726,400836,200,1776708166338,132,132,false,false,216,,
727,400837,200,1776708166338,132,132,false,false,216,,
728,400838,200,1776708166338,132,133,false,false,216,,
729,400839,200,1776708166338,133,133,false,false,216,,
730,400840,200,1776708166337,134,134,false,false,216,,
731,400841,200,1776708166339,132,132,false,false,216,,
732,400842,200,1776708166404,135,135,false,false,216,,
733,400843,200,1776708166474,129,129,false,false,216,,
734,400844,200,1776708166472,130,130,false,false,216,,
735,400845,200,1776708166474,129,129,false,false,216,,
736,400846,200,1776708166473,130,130,false,false,216,,
737,400847,200,1776708166473,129,129,false,false,216,,
738,400848,200,1776708166474,129,129,false,false,216,,
739,400849,200,1776708166475,193,193,false,false,216,,
740,400850,200,1776708166474,128,128,false,false,216,,
741,400851,200,1776708166473,129,130,false,false,216,,
742,400852,200,1776708166541,190,190,false,false,216,,
743,400853,200,1776708166604,127,127,false,false,216,,
744,400854,200,1776708166606,126,126,false,false,216,,
745,400855,200,1776708166605,127,127,false,false,216,,
746,400856,200,1776708166605,126,126,false,false,216,,
747,400857,200,1776708166605,126,127,false,false,216,,
748,400858,200,1776708166606,125,125,false,false,216,,
749,400859,200,1776708166606,190,190,false,false,216,,
750,400860,200,1776708166605,126,126,false,false,216,,
751,400861,200,1776708166669,127,127,false,false,216,,
752,400862,200,1776708166733,168,168,false,false,216,,
753,400863,200,1776708166734,166,166,false,false,216,,
754,400864,200,1776708166733,167,167,false,false,216,,
755,400865,200,1776708166735,165,166,false,false,216,,
756,400866,200,1776708166734,167,167,false,false,216,,
757,400867,200,1776708166734,166,166,false,false,216,,
758,400868,200,1776708166735,166,166,false,false,216,,
759,400869,200,1776708166735,165,165,false,false,216,,
760,400870,200,1776708166798,172,172,false,false,216,,
761,400871,200,1776708166798,172,172,false,false,216,,
762,400872,200,1776708166904,130,130,false,false,216,,
763,400873,200,1776708166902,131,131,false,false,216,,
764,400874,200,1776708166903,130,130,false,false,216,,
765,400875,200,1776708166903,131,131,false,false,216,,
766,400876,200,1776708166904,130,130,false,false,216,,
767,400877,200,1776708166904,129,129,false,false,216,,
768,400878,200,1776708166903,131,131,false,false,216,,
769,400879,200,1776708166905,193,193,false,false,216,,
770,400880,200,1776708166972,195,195,false,false,216,,
771,400881,200,1776708166972,196,196,false,false,216,,
772,400882,200,1776708167035,132,132,false,false,216,,
773,400883,200,1776708167037,131,131,false,false,216,,
774,400884,200,1776708167036,132,132,false,false,216,,
775,400885,200,1776708167036,132,132,false,false,216,,
776,400886,200,1776708167036,131,131,false,false,216,,
777,400887,200,1776708167037,131,131,false,false,216,,
778,400888,200,1776708167037,131,131,false,false,216,,
779,400889,200,1776708167100,131,131,false,false,216,,
780,400890,200,1776708167170,126,126,false,false,216,,
781,400891,200,1776708167172,189,189,false,false,216,,
782,400892,200,1776708167169,127,127,false,false,216,,
783,400893,200,1776708167172,189,189,false,false,216,,
784,400894,200,1776708167170,126,126,false,false,216,,
785,400895,200,1776708167171,125,125,false,false,216,,
786,400896,200,1776708167171,125,125,false,false,216,,
787,400897,200,1776708167171,189,189,false,false,216,,
788,400898,200,1776708167170,126,126,false,false,216,,
789,400899,200,1776708167233,128,128,false,false,216,,
790,400900,200,1776708167299,130,130,false,false,216,,
791,400901,200,1776708167298,131,132,false,false,216,,
792,400902,200,1776708167299,130,130,false,false,216,,
793,400903,200,1776708167299,131,131,false,false,216,,
794,400904,200,1776708167298,131,131,false,false,216,,
795,400905,200,1776708167299,131,131,false,false,216,,
796,400906,200,1776708167363,201,201,false,false,216,,
797,400907,200,1776708167363,148,149,false,false,216,,
798,400908,200,1776708167364,200,200,false,false,216,,
799,400909,200,1776708167363,201,201,false,false,216,,
800,400910,200,1776708167432,133,133,false,false,216,,
801,400911,200,1776708167434,187,187,false,false,216,,
802,400912,200,1776708167433,131,131,false,false,216,,
803,400913,200,1776708167432,132,132,false,false,216,,
804,400914,200,1776708167432,132,132,false,false,216,,
805,400915,200,1776708167432,132,132,false,false,216,,
806,400916,200,1776708167513,185,185,false,false,216,,
807,400917,200,1776708167565,132,132,false,false,216,,
808,400918,200,1776708167566,132,132,false,false,216,,
809,400919,200,1776708167566,131,131,false,false,216,,
810,400920,200,1776708167566,132,132,false,false,216,,
811,400921,200,1776708167566,132,132,false,false,216,,
812,400922,200,1776708167567,131,131,false,false,216,,
813,400923,200,1776708167567,193,194,false,false,216,,
814,400924,200,1776708167566,131,131,false,false,216,,
815,400925,200,1776708167622,208,208,false,false,216,,
816,400926,200,1776708167699,132,132,false,false,216,,
817,400927,200,1776708167701,130,130,false,false,216,,
818,400928,200,1776708167701,130,130,false,false,216,,
819,400929,200,1776708167700,131,131,false,false,216,,
820,400930,200,1776708167701,130,130,false,false,216,,
821,400931,200,1776708167700,131,131,false,false,216,,
822,400932,200,1776708167700,131,131,false,false,216,,
823,400933,200,1776708167701,130,130,false,false,216,,
824,400934,200,1776708167762,137,137,false,false,216,,
825,400935,200,1776708167833,131,131,false,false,216,,
826,400936,200,1776708167835,192,192,false,false,216,,
827,400937,200,1776708167835,193,193,false,false,216,,
828,400938,200,1776708167834,130,130,false,false,216,,
829,400939,200,1776708167834,131,131,false,false,216,,
830,400940,200,1776708167834,130,130,false,false,216,,
831,400941,200,1776708167834,130,130,false,false,216,,
832,400942,200,1776708167833,131,131,false,false,216,,
833,400943,200,1776708167835,130,130,false,false,216,,
834,400944,200,1776708167900,198,198,false,false,216,,
835,400945,200,1776708167967,131,131,false,false,216,,
836,400946,200,1776708167967,131,131,false,false,216,,
837,400947,200,1776708167966,132,133,false,false,216,,
838,400948,200,1776708167966,132,132,false,false,216,,
839,400949,200,1776708167968,131,131,false,false,216,,
840,400950,200,1776708167966,132,132,false,false,216,,
841,400951,200,1776708167967,132,132,false,false,216,,
842,400952,200,1776708168030,197,197,false,false,216,,
843,400953,200,1776708168029,133,133,false,false,216,,
844,400954,200,1776708168100,127,127,false,false,216,,
845,400955,200,1776708168101,126,126,false,false,216,,
846,400956,200,1776708168102,125,125,false,false,216,,
847,400957,200,1776708168102,188,188,false,false,216,,
848,400958,200,1776708168102,125,125,false,false,216,,
849,400959,200,1776708168101,126,126,false,false,216,,
850,400960,200,1776708168101,126,126,false,false,216,,
851,400961,200,1776708168101,125,125,false,false,216,,
852,400962,200,1776708168164,320,320,false,false,216,,
853,400963,200,1776708168228,256,256,false,false,216,,
854,400964,200,1776708168230,255,255,false,false,216,,
855,400965,200,1776708168230,254,254,false,false,216,,
856,400966,200,1776708168230,230,230,false,false,216,,
857,400967,200,1776708168229,255,255,false,false,216,,
858,400968,200,1776708168230,254,254,false,false,216,,
859,400969,200,1776708168229,256,256,false,false,216,,
860,400970,200,1776708168229,256,256,false,false,216,,
861,400971,200,1776708168292,256,256,false,false,216,,
862,400972,200,1776708168461,157,157,false,false,216,,
863,400973,200,1776708168489,194,194,false,false,216,,
864,400974,200,1776708168486,132,132,false,false,216,,
865,400975,200,1776708168489,130,130,false,false,216,,
866,400976,200,1776708168487,131,131,false,false,216,,
867,400977,200,1776708168487,131,131,false,false,216,,
868,400978,200,1776708168488,131,131,false,false,216,,
869,400979,200,1776708168488,130,130,false,false,216,,
870,400980,200,1776708168488,130,130,false,false,216,,
871,400981,200,1776708168549,202,202,false,false,216,,
872,400982,200,1776708168621,130,130,false,false,216,,
873,400983,200,1776708168621,130,130,false,false,216,,
874,400984,200,1776708168622,129,129,false,false,216,,
875,400985,200,1776708168622,129,129,false,false,216,,
876,400986,200,1776708168622,130,130,false,false,216,,
877,400987,200,1776708168622,129,129,false,false,216,,
878,400988,200,1776708168621,130,130,false,false,216,,
879,400989,200,1776708168621,130,130,false,false,216,,
880,400990,200,1776708168685,130,130,false,false,216,,
881,400991,200,1776708168753,127,127,false,false,216,,
882,400992,200,1776708168755,189,189,false,false,216,,
883,400993,200,1776708168754,126,126,false,false,216,,
884,400994,200,1776708168755,189,189,false,false,216,,
885,400995,200,1776708168754,189,189,false,false,216,,
886,400996,200,1776708168754,126,126,false,false,216,,
887,400997,200,1776708168753,126,126,false,false,216,,
888,400998,200,1776708168755,188,188,false,false,216,,
889,400999,200,1776708168754,125,125,false,false,216,,
890,401000,200,1776708168816,127,128,false,false,216,,
891,401001,200,1776708168883,173,173,false,false,216,,
892,401002,200,1776708168881,175,175,false,false,216,,
893,401003,200,1776708168882,174,174,false,false,216,,
894,401004,200,1776708168882,173,174,false,false,216,,
895,401005,200,1776708168882,174,174,false,false,216,,
896,401006,200,1776708168947,228,228,false,false,216,,
897,401007,200,1776708168947,189,189,false,false,216,,
898,401008,200,1776708168946,229,229,false,false,216,,
899,401009,200,1776708168946,229,229,false,false,216,,
900,401010,200,1776708168946,229,229,false,false,216,,
901,401011,200,1776708169058,141,141,false,false,216,,
902,401012,200,1776708169059,140,140,false,false,216,,
903,401013,200,1776708169059,180,180,false,false,216,,
904,401014,200,1776708169058,141,141,false,false,216,,
905,401015,200,1776708169137,166,166,false,false,216,,
906,401016,200,1776708169058,142,142,false,false,216,,
907,401017,200,1776708169177,191,191,false,false,216,,
908,401018,200,1776708169177,191,191,false,false,216,,
909,401019,200,1776708169177,191,191,false,false,216,,
910,401020,200,1776708169177,192,192,false,false,216,,
911,401021,200,1776708169201,231,231,false,false,216,,
912,401022,200,1776708169201,232,232,false,false,216,,
913,401023,200,1776708169201,231,231,false,false,216,,
914,401024,200,1776708169202,231,231,false,false,216,,
915,401025,200,1776708169241,192,192,false,false,216,,
916,401026,200,1776708169305,192,192,false,false,216,,
917,401027,200,1776708169371,192,192,false,false,216,,
918,401028,200,1776708169370,192,192,false,false,216,,
919,401029,200,1776708169371,192,192,false,false,216,,
920,401030,200,1776708169370,192,192,false,false,216,,
921,401031,200,1776708169434,128,128,false,false,216,,
922,401032,200,1776708169434,129,129,false,false,216,,
923,401033,200,1776708169434,128,128,false,false,216,,
924,401034,200,1776708169434,129,129,false,false,216,,
925,401035,200,1776708169434,128,128,false,false,216,,
926,401036,200,1776708169498,144,144,false,false,216,,
927,401037,200,1776708169566,131,131,false,false,216,,
928,401038,200,1776708169564,132,132,false,false,216,,
929,401039,200,1776708169566,131,131,false,false,216,,
930,401040,200,1776708169565,131,131,false,false,216,,
931,401041,200,1776708169566,130,130,false,false,216,,
932,401042,200,1776708169566,130,130,false,false,216,,
933,401043,200,1776708169565,131,131,false,false,216,,
934,401044,200,1776708169565,131,131,false,false,216,,
935,401045,200,1776708169567,180,180,false,false,216,,
936,401046,200,1776708169644,184,184,false,false,216,,
937,401047,200,1776708169698,130,130,false,false,216,,
938,401048,200,1776708169700,193,193,false,false,216,,
939,401049,200,1776708169699,129,129,false,false,216,,
940,401050,200,1776708169698,130,130,false,false,216,,
941,401051,200,1776708169698,130,130,false,false,216,,
942,401052,200,1776708169699,130,130,false,false,216,,
943,401053,200,1776708169699,129,129,false,false,216,,
944,401054,200,1776708169699,193,193,false,false,216,,
945,401055,200,1776708169748,216,217,false,false,216,,
946,401056,200,1776708169831,134,134,false,false,216,,
947,401057,200,1776708169832,133,133,false,false,216,,
948,401058,200,1776708169830,134,134,false,false,216,,
949,401059,200,1776708169830,135,135,false,false,216,,
950,401060,200,1776708169831,134,134,false,false,216,,
951,401061,200,1776708169831,134,134,false,false,216,,
952,401062,200,1776708169831,134,134,false,false,216,,
953,401063,200,1776708169894,205,205,false,false,216,,
954,401064,200,1776708169894,150,150,false,false,216,,
955,401065,200,1776708169966,134,134,false,false,216,,
956,401066,200,1776708169968,132,132,false,false,216,,
957,401067,200,1776708169967,133,133,false,false,216,,
958,401068,200,1776708169967,133,133,false,false,216,,
959,401069,200,1776708169968,132,132,false,false,216,,
960,401070,200,1776708169968,181,181,false,false,216,,
961,401071,200,1776708169969,180,180,false,false,216,,
962,401072,200,1776708169967,133,133,false,false,216,,
963,401073,200,1776708170046,186,186,false,false,216,,
964,401074,200,1776708170101,131,131,false,false,216,,
965,401075,200,1776708170102,131,131,false,false,216,,
966,401076,200,1776708170102,131,131,false,false,216,,
967,401077,200,1776708170102,131,131,false,false,216,,
968,401078,200,1776708170102,131,131,false,false,216,,
969,401079,200,1776708170102,131,131,false,false,216,,
970,401080,200,1776708170102,131,131,false,false,216,,
971,401081,200,1776708170150,147,147,false,false,216,,
972,401082,200,1776708170150,214,214,false,false,216,,
973,401083,200,1776708170234,130,130,false,false,216,,
974,401084,200,1776708170234,130,130,false,false,216,,
975,401085,200,1776708170234,130,130,false,false,216,,
976,401086,200,1776708170235,130,130,false,false,216,,
977,401087,200,1776708170234,130,130,false,false,216,,
978,401088,200,1776708170234,130,130,false,false,216,,
979,401089,200,1776708170234,130,130,false,false,216,,
980,401090,200,1776708170234,130,130,false,false,216,,
981,401091,200,1776708170298,220,220,false,false,216,,
982,401092,200,1776708170367,152,152,false,false,216,,
983,401093,200,1776708170367,152,152,false,false,216,,
984,401094,200,1776708170367,151,151,false,false,216,,
985,401095,200,1776708170368,151,151,false,false,216,,
986,401096,200,1776708170367,84,84,false,false,216,,
987,401097,200,1776708170367,151,151,false,false,216,,
988,401098,200,1776708170368,151,151,false,false,216,,
989,401099,200,1776708170368,151,151,false,false,216,,
990,401100,200,1776708170368,151,151,false,false,216,,
991,401101,200,1776708170453,133,133,false,false,216,,
992,401102,200,1776708170520,131,131,false,false,216,,
993,401103,200,1776708170521,130,130,false,false,216,,
994,401104,200,1776708170523,193,193,false,false,216,,
995,401105,200,1776708170521,130,130,false,false,216,,
996,401106,200,1776708170521,130,130,false,false,216,,
997,401107,200,1776708170522,130,130,false,false,216,,
998,401108,200,1776708170522,129,129,false,false,216,,
999,401109,200,1776708170523,129,129,false,false,216,,
1000,401110,200,1776708170522,130,130,false,false,216,,
1001,401111,200,1776708170588,197,197,false,false,216,,
1002,401112,200,1776708170654,130,130,false,false,216,,
1003,401113,200,1776708170655,129,129,false,false,216,,
1004,401114,200,1776708170655,129,129,false,false,216,,
1005,401115,200,1776708170654,130,130,false,false,216,,
1006,401116,200,1776708170654,130,130,false,false,216,,
1007,401117,200,1776708170654,130,130,false,false,216,,
1008,401118,200,1776708170654,130,130,false,false,216,,
1009,401119,200,1776708170655,129,129,false,false,216,,
1010,401120,200,1776708170718,133,133,false,false,216,,
1011,401121,200,1776708170788,174,174,false,false,216,,
1012,401122,200,1776708170788,174,174,false,false,216,,
1013,401123,200,1776708170787,175,175,false,false,216,,
1014,401124,200,1776708170786,155,155,false,false,216,,
1015,401125,200,1776708170787,175,175,false,false,216,,
1016,401126,200,1776708170786,175,175,false,false,216,,
1017,401127,200,1776708170787,174,174,false,false,216,,
1018,401128,200,1776708170787,174,174,false,false,216,,
1019,401129,200,1776708170788,173,173,false,false,216,,
1020,401130,200,1776708170852,179,179,false,false,216,,
1021,401131,200,1776708170943,156,156,false,false,216,,
1022,401132,200,1776708170963,136,136,false,false,216,,
1023,401133,200,1776708170964,136,136,false,false,216,,
1024,401134,200,1776708170964,135,135,false,false,216,,
1025,401135,200,1776708170963,136,136,false,false,216,,
1026,401136,200,1776708170963,136,136,false,false,216,,
1027,401137,200,1776708170963,136,136,false,false,216,,
1028,401138,200,1776708170964,135,135,false,false,216,,
1029,401139,200,1776708170964,135,135,false,false,216,,
1030,401140,200,1776708171033,136,136,false,false,216,,
1031,401141,200,1776708171102,132,132,false,false,216,,
1032,401142,200,1776708171101,133,133,false,false,216,,
1033,401143,200,1776708171103,196,196,false,false,216,,
1034,401144,200,1776708171104,194,194,false,false,216,,
1035,401145,200,1776708171102,132,132,false,false,216,,
1036,401146,200,1776708171102,132,132,false,false,216,,
1037,401147,200,1776708171101,133,133,false,false,216,,
1038,401148,200,1776708171103,132,132,false,false,216,,
1039,401149,200,1776708171101,133,133,false,false,216,,
1040,401150,200,1776708171170,193,193,false,false,216,,
1041,401151,200,1776708171237,125,125,false,false,216,,
1042,401152,200,1776708171236,127,127,false,false,216,,
1043,401153,200,1776708171236,127,127,false,false,216,,
1044,401154,200,1776708171237,126,126,false,false,216,,
1045,401155,200,1776708171237,126,126,false,false,216,,
1046,401156,200,1776708171237,126,126,false,false,216,,
1047,401157,200,1776708171238,190,190,false,false,216,,
1048,401158,200,1776708171300,195,195,false,false,216,,
1049,401159,200,1776708171299,129,129,false,false,216,,
1050,401160,200,1776708171364,131,131,false,false,216,,
1051,401161,200,1776708171364,195,196,false,false,216,,
1052,401162,200,1776708171364,131,131,false,false,216,,
1053,401163,200,1776708171364,131,131,false,false,216,,
1054,401164,200,1776708171364,131,131,false,false,216,,
1055,401165,200,1776708171364,130,130,false,false,216,,
1056,401166,200,1776708171364,130,131,false,false,216,,
1057,401167,200,1776708171429,130,130,false,false,216,,
1058,401168,200,1776708171429,199,199,false,false,216,,
1059,401169,200,1776708171496,132,132,false,false,216,,
1060,401170,200,1776708171498,131,131,false,false,216,,
1061,401171,200,1776708171497,131,132,false,false,216,,
1062,401172,200,1776708171497,132,132,false,false,216,,
1063,401173,200,1776708171497,132,132,false,false,216,,
1064,401174,200,1776708171498,131,131,false,false,216,,
1065,401175,200,1776708171497,131,131,false,false,216,,
1066,401176,200,1776708171561,217,217,false,false,216,,
1067,401177,200,1776708171561,148,148,false,false,216,,
1068,401178,200,1776708171631,147,147,false,false,216,,
1069,401179,200,1776708171632,146,146,false,false,216,,
1070,401180,200,1776708171631,146,146,false,false,216,,
1071,401181,200,1776708171632,145,145,false,false,216,,
1072,401182,200,1776708171630,147,147,false,false,216,,
1073,401183,200,1776708171631,146,146,false,false,216,,
1074,401184,200,1776708171631,147,147,false,false,216,,
1075,401185,200,1776708171632,145,145,false,false,216,,
1076,401186,200,1776708171711,132,133,false,false,216,,
1077,401187,200,1776708171779,130,130,false,false,216,,
1078,401188,200,1776708171780,128,128,false,false,216,,
1079,401189,200,1776708171780,129,129,false,false,216,,
1080,401190,200,1776708171781,128,128,false,false,216,,
1081,401191,200,1776708171781,128,128,false,false,216,,
1082,401192,200,1776708171779,129,129,false,false,216,,
1083,401193,200,1776708171781,193,193,false,false,216,,
1084,401194,200,1776708171782,192,193,false,false,216,,
1085,401195,200,1776708171782,192,192,false,false,216,,
1086,401196,200,1776708171845,200,200,false,false,216,,
1087,401197,200,1776708171910,135,135,false,false,216,,
1088,401198,200,1776708171912,133,133,false,false,216,,
1089,401199,200,1776708171911,134,134,false,false,216,,
1090,401200,200,1776708171911,134,134,false,false,216,,
1091,401201,200,1776708171911,133,133,false,false,216,,
1092,401202,200,1776708171911,134,134,false,false,216,,
1093,401203,200,1776708171976,150,151,false,false,216,,
1094,401204,200,1776708171976,221,221,false,false,216,,
1095,401205,200,1776708171976,220,220,false,false,216,,
1096,401206,200,1776708172047,149,149,false,false,216,,
1097,401207,200,1776708172047,149,149,false,false,216,,
1098,401208,200,1776708172048,148,148,false,false,216,,
1099,401209,200,1776708172046,150,150,false,false,216,,
1100,401210,200,1776708172048,149,149,false,false,216,,
1101,401211,200,1776708172047,149,149,false,false,216,,
1102,401212,200,1776708172048,149,149,false,false,216,,
1103,401213,200,1776708172128,135,135,false,false,216,,
1104,401214,200,1776708172198,132,132,false,false,216,,
1105,401215,200,1776708172200,130,131,false,false,216,,
1106,401216,200,1776708172199,132,132,false,false,216,,
1107,401217,200,1776708172199,132,132,false,false,216,,
1108,401218,200,1776708172199,131,131,false,false,216,,
1109,401219,200,1776708172198,132,132,false,false,216,,
1110,401220,200,1776708172199,131,131,false,false,216,,
1111,401221,200,1776708172200,131,131,false,false,216,,
1112,401222,200,1776708172200,131,131,false,false,216,,
1113,401223,200,1776708172265,149,149,false,false,216,,
1114,401224,200,1776708172334,130,130,false,false,216,,
1115,401225,200,1776708172333,131,131,false,false,216,,
1116,401226,200,1776708172334,193,193,false,false,216,,
1117,401227,200,1776708172332,131,131,false,false,216,,
1118,401228,200,1776708172333,131,131,false,false,216,,
1119,401229,200,1776708172333,131,131,false,false,216,,
1120,401230,200,1776708172333,130,130,false,false,216,,
1121,401231,200,1776708172334,193,193,false,false,216,,
1122,401232,200,1776708172335,193,193,false,false,216,,
1123,401233,200,1776708172415,183,183,false,false,216,,
1124,401234,200,1776708172465,133,133,false,false,216,,
1125,401235,200,1776708172467,132,132,false,false,216,,
1126,401236,200,1776708172466,132,132,false,false,216,,
1127,401237,200,1776708172466,132,132,false,false,216,,
1128,401238,200,1776708172466,133,133,false,false,216,,
1129,401239,200,1776708172466,132,132,false,false,216,,
1130,401240,200,1776708172529,219,219,false,false,216,,
1131,401241,200,1776708172529,218,218,false,false,216,,
1132,401242,200,1776708172530,150,150,false,false,216,,
1133,401243,200,1776708172602,146,146,false,false,216,,
1134,401244,200,1776708172601,146,146,false,false,216,,
1135,401245,200,1776708172601,147,147,false,false,216,,
1136,401246,200,1776708172600,147,148,false,false,216,,
1137,401247,200,1776708172601,146,146,false,false,216,,
1138,401248,200,1776708172601,147,147,false,false,216,,
1139,401249,200,1776708172602,146,146,false,false,216,,
1140,401250,200,1776708172681,134,134,false,false,216,,
1141,401251,200,1776708172750,130,130,false,false,216,,
1142,401252,200,1776708172752,197,197,false,false,216,,
1143,401253,200,1776708172750,129,129,false,false,216,,
1144,401254,200,1776708172752,128,128,false,false,216,,
1145,401255,200,1776708172751,129,129,false,false,216,,
1146,401256,200,1776708172751,129,129,false,false,216,,
1147,401257,200,1776708172751,129,129,false,false,216,,
1148,401258,200,1776708172752,128,128,false,false,216,,
1149,401259,200,1776708172752,197,197,false,false,216,,
1150,401260,200,1776708172816,133,133,false,false,216,,
1151,401261,200,1776708172881,136,136,false,false,216,,
1152,401262,200,1776708172882,135,135,false,false,216,,
1153,401263,200,1776708172882,135,135,false,false,216,,
1154,401264,200,1776708172883,134,134,false,false,216,,
1155,401265,200,1776708172883,133,133,false,false,216,,
1156,401266,200,1776708172883,134,134,false,false,216,,
1157,401267,200,1776708172882,135,135,false,false,216,,
1158,401268,200,1776708172951,130,130,false,false,216,,
1159,401269,200,1776708172951,199,199,false,false,216,,
1160,401270,200,1776708172951,198,198,false,false,216,,
1161,401271,200,1776708173019,131,131,false,false,216,,
1162,401272,200,1776708173020,130,130,false,false,216,,
1163,401273,200,1776708173019,131,131,false,false,216,,
1164,401274,200,1776708173020,130,130,false,false,216,,
1165,401275,200,1776708173019,131,131,false,false,216,,
1166,401276,200,1776708173020,130,130,false,false,216,,
1167,401277,200,1776708173020,130,130,false,false,216,,
1168,401278,200,1776708173082,138,138,false,false,216,,
1169,401279,200,1776708173154,180,180,false,false,216,,
1170,401280,200,1776708173154,131,131,false,false,216,,
1171,401281,200,1776708173152,132,132,false,false,216,,
1172,401282,200,1776708173154,131,131,false,false,216,,
1173,401283,200,1776708173153,132,132,false,false,216,,
1174,401284,200,1776708173153,132,132,false,false,216,,
1175,401285,200,1776708173153,132,132,false,false,216,,
1176,401286,200,1776708173153,131,131,false,false,216,,
1177,401287,200,1776708173154,131,131,false,false,216,,
1178,401288,200,1776708173222,197,197,false,false,216,,
1179,401289,200,1776708173287,132,132,false,false,216,,
1180,401290,200,1776708173287,132,132,false,false,216,,
1181,401291,200,1776708173288,131,131,false,false,216,,
1182,401292,200,1776708173287,131,131,false,false,216,,
1183,401293,200,1776708173288,131,131,false,false,216,,
1184,401294,200,1776708173287,132,132,false,false,216,,
1185,401295,200,1776708173289,194,194,false,false,216,,
1186,401296,200,1776708173288,131,132,false,false,216,,
1187,401297,200,1776708173336,216,216,false,false,216,,
1188,401298,200,1776708173421,131,131,false,false,216,,
1189,401299,200,1776708173422,131,131,false,false,216,,
1190,401300,200,1776708173423,130,130,false,false,216,,
1191,401301,200,1776708173422,131,131,false,false,216,,
1192,401302,200,1776708173422,130,130,false,false,216,,
1193,401303,200,1776708173422,131,131,false,false,216,,
1194,401304,200,1776708173423,130,130,false,false,216,,
1195,401305,200,1776708173423,129,129,false,false,216,,
1196,401306,200,1776708173486,136,136,false,false,216,,
1197,401307,200,1776708173554,134,134,false,false,216,,
1198,401308,200,1776708173556,132,132,false,false,216,,
1199,401309,200,1776708173556,132,132,false,false,216,,
1200,401310,200,1776708173556,131,131,false,false,216,,
1201,401311,200,1776708173555,133,133,false,false,216,,
1202,401312,200,1776708173557,195,195,false,false,216,,
1203,401313,200,1776708173555,132,132,false,false,216,,
1204,401314,200,1776708173556,131,131,false,false,216,,
1205,401315,200,1776708173557,194,194,false,false,216,,
1206,401316,200,1776708173625,196,196,false,false,216,,
1207,401317,200,1776708173690,131,131,false,false,216,,
1208,401318,200,1776708173691,130,130,false,false,216,,
1209,401319,200,1776708173690,131,131,false,false,216,,
1210,401320,200,1776708173691,130,130,false,false,216,,
1211,401321,200,1776708173692,129,129,false,false,216,,
1212,401322,200,1776708173690,130,130,false,false,216,,
1213,401323,200,1776708173691,130,130,false,false,216,,
1214,401324,200,1776708173753,131,131,false,false,216,,
1215,401325,200,1776708173753,180,181,false,false,216,,
1216,401326,200,1776708173822,170,170,false,false,216,,
1217,401327,200,1776708173824,168,168,false,false,216,,
1218,401328,200,1776708173824,169,169,false,false,216,,
1219,401329,200,1776708173823,170,170,false,false,216,,
1220,401330,200,1776708173823,170,170,false,false,216,,
1221,401331,200,1776708173824,168,168,false,false,216,,
1222,401332,200,1776708173825,168,168,false,false,216,,
1223,401333,200,1776708173823,170,170,false,false,216,,
1224,401334,200,1776708173885,170,170,false,false,216,,
1225,401335,200,1776708173935,192,192,false,false,216,,
1226,401336,200,1776708173994,133,133,false,false,216,,
1227,401337,200,1776708173996,132,132,false,false,216,,
1228,401338,200,1776708173995,132,132,false,false,216,,
1229,401339,200,1776708173995,133,133,false,false,216,,
1230,401340,200,1776708173997,131,131,false,false,216,,
1231,401341,200,1776708173996,131,131,false,false,216,,
1232,401342,200,1776708173995,132,132,false,false,216,,
1233,401343,200,1776708173996,131,131,false,false,216,,
1234,401344,200,1776708174057,137,137,false,false,216,,
1235,401345,200,1776708174129,129,129,false,false,216,,
1236,401346,200,1776708174131,192,192,false,false,216,,
1237,401347,200,1776708174131,127,127,false,false,216,,
1238,401348,200,1776708174131,128,128,false,false,216,,
1239,401349,200,1776708174130,128,128,false,false,216,,
1240,401350,200,1776708174130,129,129,false,false,216,,
1241,401351,200,1776708174130,128,128,false,false,216,,
1242,401352,200,1776708174129,129,129,false,false,216,,
1243,401353,200,1776708174132,192,192,false,false,216,,
1244,401354,200,1776708174196,195,196,false,false,216,,
1245,401355,200,1776708174259,132,132,false,false,216,,
1246,401356,200,1776708174259,132,132,false,false,216,,
1247,401357,200,1776708174260,132,132,false,false,216,,
1248,401358,200,1776708174260,131,131,false,false,216,,
1249,401359,200,1776708174260,131,131,false,false,216,,
1250,401360,200,1776708174260,131,131,false,false,216,,
1251,401361,200,1776708174260,131,131,false,false,216,,
1252,401362,200,1776708174324,199,199,false,false,216,,
1253,401363,200,1776708174324,131,131,false,false,216,,
1254,401364,200,1776708174392,132,132,false,false,216,,
1255,401365,200,1776708174392,131,131,false,false,216,,
1256,401366,200,1776708174393,131,131,false,false,216,,
1257,401367,200,1776708174392,132,132,false,false,216,,
1258,401368,200,1776708174393,131,131,false,false,216,,
1259,401369,200,1776708174392,131,131,false,false,216,,
1260,401370,200,1776708174393,131,131,false,false,216,,
1261,401371,200,1776708174393,131,131,false,false,216,,
1262,401372,200,1776708174457,131,131,false,false,216,,
1263,401373,200,1776708174527,126,126,false,false,216,,
1264,401374,200,1776708174525,128,128,false,false,216,,
1265,401375,200,1776708174527,126,126,false,false,216,,
1266,401376,200,1776708174526,127,127,false,false,216,,
1267,401377,200,1776708174526,127,127,false,false,216,,
1268,401378,200,1776708174526,127,127,false,false,216,,
1269,401379,200,1776708174528,190,190,false,false,216,,
1270,401380,200,1776708174528,189,189,false,false,216,,
1271,401381,200,1776708174527,127,127,false,false,216,,
1272,401382,200,1776708174590,128,128,false,false,216,,
1273,401383,200,1776708174655,131,131,false,false,216,,
1274,401384,200,1776708174657,129,129,false,false,216,,
1275,401385,200,1776708174656,130,130,false,false,216,,
1276,401386,200,1776708174656,130,130,false,false,216,,
1277,401387,200,1776708174655,131,131,false,false,216,,
1278,401388,200,1776708174657,129,129,false,false,216,,
1279,401389,200,1776708174656,131,131,false,false,216,,
1280,401390,200,1776708174719,131,131,false,false,216,,
1281,401391,200,1776708174720,198,198,false,false,216,,
1282,401392,200,1776708174719,199,199,false,false,216,,
1283,401393,200,1776708174788,130,130,false,false,216,,
1284,401394,200,1776708174789,129,129,false,false,216,,
1285,401395,200,1776708174789,129,129,false,false,216,,
1286,401396,200,1776708174789,130,130,false,false,216,,
1287,401397,200,1776708174788,130,130,false,false,216,,
1288,401398,200,1776708174788,130,130,false,false,216,,
1289,401399,200,1776708174789,130,130,false,false,216,,
1290,401400,200,1776708174852,148,148,false,false,216,,
1291,401401,200,1776708174920,132,132,false,false,216,,
1292,401402,200,1776708174920,132,132,false,false,216,,
1293,401403,200,1776708174922,130,130,false,false,216,,
1294,401404,200,1776708174920,132,132,false,false,216,,
1295,401405,200,1776708174921,131,131,false,false,216,,
1296,401406,200,1776708174921,131,131,false,false,216,,
1297,401407,200,1776708174921,131,131,false,false,216,,
1298,401408,200,1776708174922,195,195,false,false,216,,
1299,401409,200,1776708174922,194,194,false,false,216,,
1300,401410,200,1776708175001,180,180,false,false,216,,
1301,401411,200,1776708175054,127,127,false,false,216,,
1302,401412,200,1776708175054,128,128,false,false,216,,
1303,401413,200,1776708175055,190,190,false,false,216,,
1304,401414,200,1776708175055,126,126,false,false,216,,
1305,401415,200,1776708175054,127,127,false,false,216,,
1306,401416,200,1776708175054,127,127,false,false,216,,
1307,401417,200,1776708175055,126,126,false,false,216,,
1308,401418,200,1776708175119,196,196,false,false,216,,
1309,401419,200,1776708175118,196,196,false,false,216,,
1310,401420,200,1776708175184,131,131,false,false,216,,
1311,401421,200,1776708175183,132,132,false,false,216,,
1312,401422,200,1776708175184,131,131,false,false,216,,
1313,401423,200,1776708175184,130,130,false,false,216,,
1314,401424,200,1776708175183,131,131,false,false,216,,
1315,401425,200,1776708175183,132,132,false,false,216,,
1316,401426,200,1776708175185,130,130,false,false,216,,
1317,401427,200,1776708175247,149,149,false,false,216,,
1318,401428,200,1776708175318,194,194,false,false,216,,
1319,401429,200,1776708175319,193,193,false,false,216,,
1320,401430,200,1776708175318,131,131,false,false,216,,
1321,401431,200,1776708175317,131,131,false,false,216,,
1322,401432,200,1776708175317,132,132,false,false,216,,
1323,401433,200,1776708175318,130,130,false,false,216,,
1324,401434,200,1776708175316,132,132,false,false,216,,
1325,401435,200,1776708175319,194,194,false,false,216,,
1326,401436,200,1776708175319,194,194,false,false,216,,
1327,401437,200,1776708175397,180,180,false,false,216,,
1328,401438,200,1776708175450,192,192,false,false,216,,
1329,401439,200,1776708175449,192,192,false,false,216,,
1330,401440,200,1776708175450,192,192,false,false,216,,
1331,401441,200,1776708175450,192,192,false,false,216,,
1332,401442,200,1776708175450,192,192,false,false,216,,
1333,401443,200,1776708175514,192,192,false,false,216,,
1334,401444,200,1776708175514,193,193,false,false,216,,
1335,401445,200,1776708175514,193,193,false,false,216,,
1336,401446,200,1776708175514,193,193,false,false,216,,
1337,401447,200,1776708175579,192,192,false,false,216,,
1338,401448,200,1776708175644,191,191,false,false,216,,
1339,401449,200,1776708175644,128,128,false,false,216,,
1340,401450,200,1776708175643,128,128,false,false,216,,
1341,401451,200,1776708175643,129,129,false,false,216,,
1342,401452,200,1776708175643,128,128,false,false,216,,
1343,401453,200,1776708175707,128,128,false,false,216,,
1344,401454,200,1776708175707,174,174,false,false,216,,
1345,401455,200,1776708175707,174,174,false,false,216,,
1346,401456,200,1776708175707,173,174,false,false,216,,
1347,401457,200,1776708175774,171,172,false,false,216,,
1348,401458,200,1776708175773,126,126,false,false,216,,
1349,401459,200,1776708175773,126,126,false,false,216,,
1350,401460,200,1776708175774,125,125,false,false,216,,
1351,401461,200,1776708175774,125,125,false,false,216,,
1352,401462,200,1776708175837,195,195,false,false,216,,
1353,401463,200,1776708175837,195,195,false,false,216,,
1354,401464,200,1776708175883,149,149,false,false,216,,
1355,401465,200,1776708175883,148,148,false,false,216,,
1356,401466,200,1776708175883,149,149,false,false,216,,
1357,401467,200,1776708175900,196,196,false,false,216,,
1358,401468,200,1776708175900,196,196,false,false,216,,
1359,401469,200,1776708175900,196,196,false,false,216,,
1360,401470,200,1776708175900,196,196,false,false,216,,
1361,401471,200,1776708175947,149,149,false,false,216,,
1362,401472,200,1776708176033,205,205,false,false,216,,
1363,401473,200,1776708176034,205,205,false,false,216,,
1364,401474,200,1776708176034,205,205,false,false,216,,
1365,401475,200,1776708176034,140,140,false,false,216,,
1366,401476,200,1776708176034,204,204,false,false,216,,
1367,401477,200,1776708176098,205,205,false,false,216,,
1368,401478,200,1776708176099,204,204,false,false,216,,
1369,401479,200,1776708176098,205,205,false,false,216,,
1370,401480,200,1776708176098,205,205,false,false,216,,
1371,401481,200,1776708176098,205,205,false,false,216,,
1372,401482,200,1776708176175,192,192,false,false,216,,
1373,401483,200,1776708176240,197,197,false,false,216,,
1374,401484,200,1776708176241,197,197,false,false,216,,
1375,401485,200,1776708176241,197,197,false,false,216,,
1376,401486,200,1776708176240,197,197,false,false,216,,
1377,401487,200,1776708176305,133,133,false,false,216,,
1378,401488,200,1776708176306,132,132,false,false,216,,
1379,401489,200,1776708176305,133,133,false,false,216,,
1380,401490,200,1776708176306,132,132,false,false,216,,
1381,401491,200,1776708176305,133,133,false,false,216,,
1382,401492,200,1776708176369,132,132,false,false,216,,
1383,401493,200,1776708176441,132,132,false,false,216,,
1384,401494,200,1776708176440,133,133,false,false,216,,
1385,401495,200,1776708176440,132,132,false,false,216,,
1386,401496,200,1776708176441,132,132,false,false,216,,
1387,401497,200,1776708176441,131,131,false,false,216,,
1388,401498,200,1776708176441,131,131,false,false,216,,
1389,401499,200,1776708176442,131,131,false,false,216,,
1390,401500,200,1776708176442,131,131,false,false,216,,
1391,401501,200,1776708176442,130,130,false,false,216,,
1392,401502,200,1776708176503,134,134,false,false,216,,
1393,401503,200,1776708176574,130,130,false,false,216,,
1394,401504,200,1776708176574,130,130,false,false,216,,
1395,401505,200,1776708176574,131,131,false,false,216,,
1396,401506,200,1776708176574,130,130,false,false,216,,
1397,401507,200,1776708176574,130,130,false,false,216,,
1398,401508,200,1776708176574,130,130,false,false,216,,
1399,401509,200,1776708176574,130,130,false,false,216,,
1400,401510,200,1776708176574,130,130,false,false,216,,
1401,401511,200,1776708176574,130,130,false,false,216,,
1402,401512,200,1776708176638,144,144,false,false,216,,
1403,401513,200,1776708176707,130,130,false,false,216,,
1404,401514,200,1776708176708,129,129,false,false,216,,
1405,401515,200,1776708176706,131,131,false,false,216,,
1406,401516,200,1776708176707,130,131,false,false,216,,
1407,401517,200,1776708176708,129,129,false,false,216,,
1408,401518,200,1776708176706,130,131,false,false,216,,
1409,401519,200,1776708176707,130,130,false,false,216,,
1410,401520,200,1776708176708,129,129,false,false,216,,
1411,401521,200,1776708176709,193,193,false,false,216,,
1412,401522,200,1776708176784,219,219,false,false,216,,
1413,401523,200,1776708176840,169,169,false,false,216,,
1414,401524,200,1776708176840,169,169,false,false,216,,
1415,401525,200,1776708176839,171,171,false,false,216,,
1416,401526,200,1776708176839,169,170,false,false,216,,
1417,401527,200,1776708176840,169,169,false,false,216,,
1418,401528,200,1776708176839,170,170,false,false,216,,
1419,401529,200,1776708176839,170,170,false,false,216,,
1420,401530,200,1776708176841,168,168,false,false,216,,
1421,401531,200,1776708176903,170,170,false,false,216,,
1422,401532,200,1776708177004,138,138,false,false,216,,
1423,401533,200,1776708177010,132,132,false,false,216,,
1424,401534,200,1776708177011,131,131,false,false,216,,
1425,401535,200,1776708177012,131,131,false,false,216,,
1426,401536,200,1776708177011,131,131,false,false,216,,
1427,401537,200,1776708177012,130,130,false,false,216,,
1428,401538,200,1776708177012,131,131,false,false,216,,
1429,401539,200,1776708177012,130,130,false,false,216,,
1430,401540,200,1776708177011,132,132,false,false,216,,
1431,401541,200,1776708177075,147,147,false,false,216,,
1432,401542,200,1776708177145,144,145,false,false,216,,
1433,401543,200,1776708177144,145,145,false,false,216,,
1434,401544,200,1776708177146,144,144,false,false,216,,
1435,401545,200,1776708177145,144,144,false,false,216,,
1436,401546,200,1776708177145,144,144,false,false,216,,
1437,401547,200,1776708177144,145,145,false,false,216,,
1438,401548,200,1776708177146,143,143,false,false,216,,
1439,401549,200,1776708177146,144,144,false,false,216,,
1440,401550,200,1776708177146,144,144,false,false,216,,
1441,401551,200,1776708177223,130,130,false,false,216,,
1442,401552,200,1776708177290,131,131,false,false,216,,
1443,401553,200,1776708177290,131,131,false,false,216,,
1444,401554,200,1776708177291,131,131,false,false,216,,
1445,401555,200,1776708177291,130,130,false,false,216,,
1446,401556,200,1776708177291,130,130,false,false,216,,
1447,401557,200,1776708177291,130,130,false,false,216,,
1448,401558,200,1776708177291,130,130,false,false,216,,
1449,401559,200,1776708177291,130,130,false,false,216,,
1450,401560,200,1776708177291,130,130,false,false,216,,
1451,401561,200,1776708177355,148,148,false,false,216,,
1452,401562,200,1776708177422,149,149,false,false,216,,
1453,401563,200,1776708177423,148,148,false,false,216,,
1454,401564,200,1776708177423,148,148,false,false,216,,
1455,401565,200,1776708177423,148,148,false,false,216,,
1456,401566,200,1776708177423,148,148,false,false,216,,
1457,401567,200,1776708177423,148,148,false,false,216,,
1458,401568,200,1776708177423,148,148,false,false,216,,
1459,401569,200,1776708177422,148,148,false,false,216,,
1460,401570,200,1776708177423,148,148,false,false,216,,
1461,401571,200,1776708177505,134,134,false,false,216,,
1462,401572,200,1776708177573,129,129,false,false,216,,
1463,401573,200,1776708177575,128,128,false,false,216,,
1464,401574,200,1776708177573,130,130,false,false,216,,
1465,401575,200,1776708177574,129,129,false,false,216,,
1466,401576,200,1776708177573,130,130,false,false,216,,
1467,401577,200,1776708177574,129,129,false,false,216,,
1468,401578,200,1776708177574,129,129,false,false,216,,
1469,401579,200,1776708177575,192,192,false,false,216,,
1470,401580,200,1776708177574,128,128,false,false,216,,
1471,401581,200,1776708177644,188,188,false,false,216,,
1472,401582,200,1776708177704,127,127,false,false,216,,
1473,401583,200,1776708177706,125,125,false,false,216,,
1474,401584,200,1776708177706,188,188,false,false,216,,
1475,401585,200,1776708177705,126,126,false,false,216,,
1476,401586,200,1776708177705,126,126,false,false,216,,
1477,401587,200,1776708177705,126,126,false,false,216,,
1478,401588,200,1776708177706,125,125,false,false,216,,
1479,401589,200,1776708177706,125,125,false,false,216,,
1480,401590,200,1776708177768,126,126,false,false,216,,
1481,401591,200,1776708177834,125,125,false,false,216,,
1482,401592,200,1776708177833,126,126,false,false,216,,
1483,401593,200,1776708177835,188,188,false,false,216,,
1484,401594,200,1776708177835,188,188,false,false,216,,
1485,401595,200,1776708177833,125,125,false,false,216,,
1486,401596,200,1776708177834,125,125,false,false,216,,
1487,401597,200,1776708177834,125,125,false,false,216,,
1488,401598,200,1776708177835,189,189,false,false,216,,
1489,401599,200,1776708177897,173,173,false,false,216,,
1490,401600,200,1776708177896,174,174,false,false,216,,
1491,401601,200,1776708177960,174,174,false,false,216,,
1492,401602,200,1776708177961,173,173,false,false,216,,
1493,401603,200,1776708177961,173,173,false,false,216,,
1494,401604,200,1776708177961,173,173,false,false,216,,
1495,401605,200,1776708177962,173,173,false,false,216,,
1496,401606,200,1776708178025,175,175,false,false,216,,
1497,401607,200,1776708178025,253,253,false,false,216,,
1498,401608,200,1776708178025,253,253,false,false,216,,
1499,401609,200,1776708178072,207,207,false,false,216,,
1500,401610,200,1776708178071,207,207,false,false,216,,
1501,401611,200,1776708178136,143,143,false,false,216,,
1502,401612,200,1776708178137,142,142,false,false,216,,
1503,401613,200,1776708178136,142,142,false,false,216,,
1504,401614,200,1776708178137,141,141,false,false,216,,
1505,401615,200,1776708178137,141,141,false,false,216,,
1506,401616,200,1776708178201,144,144,false,false,216,,
1507,401617,200,1776708178281,129,129,false,false,216,,
1508,401618,200,1776708178281,129,129,false,false,216,,
1509,401619,200,1776708178280,129,129,false,false,216,,
1510,401620,200,1776708178282,128,128,false,false,216,,
1511,401621,200,1776708178281,128,128,false,false,216,,
1512,401622,200,1776708178282,128,128,false,false,216,,
1513,401623,200,1776708178282,127,127,false,false,216,,
1514,401624,200,1776708178283,191,191,false,false,216,,
1515,401625,200,1776708178283,191,191,false,false,216,,
1516,401626,200,1776708178347,198,198,false,false,216,,
1517,401627,200,1776708178412,132,132,false,false,216,,
1518,401628,200,1776708178412,133,133,false,false,216,,
1519,401629,200,1776708178411,133,133,false,false,216,,
1520,401630,200,1776708178412,132,132,false,false,216,,
1521,401631,200,1776708178412,132,132,false,false,216,,
1522,401632,200,1776708178413,131,131,false,false,216,,
1523,401633,200,1776708178413,132,132,false,false,216,,
1524,401634,200,1776708178476,133,133,false,false,216,,
1525,401635,200,1776708178476,201,201,false,false,216,,
1526,401636,200,1776708178546,131,131,false,false,216,,
1527,401637,200,1776708178547,130,130,false,false,216,,
1528,401638,200,1776708178547,130,130,false,false,216,,
1529,401639,200,1776708178547,130,130,false,false,216,,
1530,401640,200,1776708178547,131,131,false,false,216,,
1531,401641,200,1776708178547,130,130,false,false,216,,
1532,401642,200,1776708178548,130,130,false,false,216,,
1533,401643,200,1776708178546,131,131,false,false,216,,
1534,401644,200,1776708178611,134,134,false,false,216,,
1535,401645,200,1776708178680,131,131,false,false,216,,
1536,401646,200,1776708178679,132,132,false,false,216,,
1537,401647,200,1776708178680,131,131,false,false,216,,
1538,401648,200,1776708178681,130,130,false,false,216,,
1539,401649,200,1776708178681,130,130,false,false,216,,
1540,401650,200,1776708178680,131,131,false,false,216,,
1541,401651,200,1776708178679,132,132,false,false,216,,
1542,401652,200,1776708178681,130,130,false,false,216,,
1543,401653,200,1776708178681,130,130,false,false,216,,
1544,401654,200,1776708178746,131,131,false,false,216,,
1545,401655,200,1776708178813,152,152,false,false,216,,
1546,401656,200,1776708178813,192,192,false,false,216,,
1547,401657,200,1776708178815,257,257,false,false,216,,
1548,401658,200,1776708178814,191,191,false,false,216,,
1549,401659,200,1776708178814,191,191,false,false,216,,
1550,401660,200,1776708178813,192,192,false,false,216,,
1551,401661,200,1776708178815,191,191,false,false,216,,
1552,401662,200,1776708178815,257,257,false,false,216,,
1553,401663,200,1776708178815,257,257,false,false,216,,
1554,401664,200,1776708178879,193,193,false,false,216,,
1555,401665,200,1776708178967,170,170,false,false,216,,
1556,401666,200,1776708179008,187,187,false,false,216,,
1557,401667,200,1776708179008,186,186,false,false,216,,
1558,401668,200,1776708179007,188,188,false,false,216,,
1559,401669,200,1776708179008,187,187,false,false,216,,
1560,401670,200,1776708179008,187,187,false,false,216,,
1561,401671,200,1776708179074,174,174,false,false,216,,
1562,401672,200,1776708179074,173,173,false,false,216,,
1563,401673,200,1776708179074,173,173,false,false,216,,
1564,401674,200,1776708179075,173,173,false,false,216,,
1565,401675,200,1776708179138,173,173,false,false,216,,
1566,401676,200,1776708179197,169,169,false,false,216,,
1567,401677,200,1776708179198,169,169,false,false,216,,
1568,401678,200,1776708179197,169,169,false,false,216,,
1569,401679,200,1776708179197,169,169,false,false,216,,
1570,401680,200,1776708179197,169,169,false,false,216,,
1571,401681,200,1776708179249,177,177,false,false,216,,
1572,401682,200,1776708179250,176,176,false,false,216,,
1573,401683,200,1776708179250,176,176,false,false,216,,
1574,401684,200,1776708179250,176,176,false,false,216,,
1575,401685,200,1776708179313,178,178,false,false,216,,
1576,401686,200,1776708179368,171,171,false,false,216,,
1577,401687,200,1776708179368,171,171,false,false,216,,
1578,401688,200,1776708179369,170,170,false,false,216,,
1579,401689,200,1776708179368,171,171,false,false,216,,
1580,401690,200,1776708179369,170,170,false,false,216,,
1581,401691,200,1776708179428,175,175,false,false,216,,
1582,401692,200,1776708179428,239,239,false,false,216,,
1583,401693,200,1776708179428,239,239,false,false,216,,
1584,401694,200,1776708179428,239,239,false,false,216,,
1585,401695,200,1776708179492,175,175,false,false,216,,
1586,401696,200,1776708179541,190,190,false,false,216,,
1587,401697,200,1776708179542,190,190,false,false,216,,
1588,401698,200,1776708179541,190,190,false,false,216,,
1589,401699,200,1776708179542,189,189,false,false,216,,
1590,401700,200,1776708179542,189,189,false,false,216,,
1591,401701,200,1776708179604,191,191,false,false,216,,
1592,401702,200,1776708179669,191,191,false,false,216,,
1593,401703,200,1776708179669,191,191,false,false,216,,
1594,401704,200,1776708179670,190,190,false,false,216,,
1595,401705,200,1776708179670,190,190,false,false,216,,
1596,401706,200,1776708179733,191,191,false,false,216,,
1597,401707,200,1776708179733,191,191,false,false,216,,
1598,401708,200,1776708179733,191,191,false,false,216,,
1599,401709,200,1776708179733,190,190,false,false,216,,
1600,401710,200,1776708179734,190,190,false,false,216,,
1601,401711,200,1776708179797,192,192,false,false,216,,
1602,401712,200,1776708179862,192,192,false,false,216,,
1603,401713,200,1776708179862,191,191,false,false,216,,
1604,401714,200,1776708179862,191,191,false,false,216,,
1605,401715,200,1776708179862,191,191,false,false,216,,
1606,401716,200,1776708179926,191,191,false,false,216,,
1607,401717,200,1776708179926,192,192,false,false,216,,
1608,401718,200,1776708179927,191,191,false,false,216,,
1609,401719,200,1776708179926,191,191,false,false,216,,
1610,401720,200,1776708179927,191,191,false,false,216,,
1611,401721,200,1776708179991,191,191,false,false,216,,
1612,401722,200,1776708180055,192,192,false,false,216,,
1613,401723,200,1776708180056,190,190,false,false,216,,
1614,401724,200,1776708180055,191,191,false,false,216,,
1615,401725,200,1776708180055,191,191,false,false,216,,
1616,401726,200,1776708180118,192,192,false,false,216,,
1617,401727,200,1776708180119,192,192,false,false,216,,
1618,401728,200,1776708180119,192,192,false,false,216,,
1619,401729,200,1776708180119,192,192,false,false,216,,
1620,401730,200,1776708180119,192,192,false,false,216,,
1621,401731,200,1776708180183,191,191,false,false,216,,
1622,401732,200,1776708180248,192,192,false,false,216,,
1623,401733,200,1776708180247,192,192,false,false,216,,
1624,401734,200,1776708180247,192,192,false,false,216,,
1625,401735,200,1776708180248,192,192,false,false,216,,
1626,401736,200,1776708180312,192,192,false,false,216,,
1627,401737,200,1776708180312,192,192,false,false,216,,
1628,401738,200,1776708180312,192,192,false,false,216,,
1629,401739,200,1776708180312,191,191,false,false,216,,
1630,401740,200,1776708180312,192,192,false,false,216,,
1631,401741,200,1776708180376,192,192,false,false,216,,
1632,401742,200,1776708180442,191,191,false,false,216,,
1633,401743,200,1776708180441,192,192,false,false,216,,
1634,401744,200,1776708180441,192,192,false,false,216,,
1635,401745,200,1776708180441,192,192,false,false,216,,
1636,401746,200,1776708180506,192,192,false,false,216,,
1637,401747,200,1776708180507,191,191,false,false,216,,
1638,401748,200,1776708180506,192,192,false,false,216,,
1639,401749,200,1776708180506,192,192,false,false,216,,
1640,401750,200,1776708180507,191,191,false,false,216,,
1641,401751,200,1776708180569,193,193,false,false,216,,
1642,401752,200,1776708180635,191,191,false,false,216,,
1643,401753,200,1776708180635,192,192,false,false,216,,
1644,401754,200,1776708180636,191,191,false,false,216,,
1645,401755,200,1776708180636,191,191,false,false,216,,
1646,401756,200,1776708180700,191,191,false,false,216,,
1647,401757,200,1776708180700,191,191,false,false,216,,
1648,401758,200,1776708180701,190,190,false,false,216,,
1649,401759,200,1776708180700,191,191,false,false,216,,
1650,401760,200,1776708180701,190,190,false,false,216,,
1651,401761,200,1776708180764,192,192,false,false,216,,
1652,401762,200,1776708180828,195,195,false,false,216,,
1653,401763,200,1776708180829,195,195,false,false,216,,
1654,401764,200,1776708180829,194,194,false,false,216,,
1655,401765,200,1776708180829,194,194,false,false,216,,
1656,401766,200,1776708180892,131,131,false,false,216,,
1657,401767,200,1776708180893,130,130,false,false,216,,
1658,401768,200,1776708180893,130,130,false,false,216,,
1659,401769,200,1776708180893,130,130,false,false,216,,
1660,401770,200,1776708180893,130,130,false,false,216,,
1661,401771,200,1776708180957,130,130,false,false,216,,
1662,401772,200,1776708181026,140,140,false,false,216,,
1663,401773,200,1776708181027,139,139,false,false,216,,
1664,401774,200,1776708181025,141,141,false,false,216,,
1665,401775,200,1776708181027,138,138,false,false,216,,
1666,401776,200,1776708181026,140,140,false,false,216,,
1667,401777,200,1776708181026,139,139,false,false,216,,
1668,401778,200,1776708181027,139,139,false,false,216,,
1669,401779,200,1776708181027,139,139,false,false,216,,
1670,401780,200,1776708181028,202,202,false,false,216,,
1671,401781,200,1776708181089,205,205,false,false,216,,
1672,401782,200,1776708181169,126,126,false,false,216,,
1673,401783,200,1776708181168,126,126,false,false,216,,
1674,401784,200,1776708181169,125,125,false,false,216,,
1675,401785,200,1776708181167,127,127,false,false,216,,
1676,401786,200,1776708181169,125,125,false,false,216,,
1677,401787,200,1776708181168,126,126,false,false,216,,
1678,401788,200,1776708181170,125,125,false,false,216,,
1679,401789,200,1776708181170,189,189,false,false,216,,
1680,401790,200,1776708181231,127,127,false,false,216,,
1681,401791,200,1776708181296,118,118,false,false,216,,
1682,401792,200,1776708181296,118,118,false,false,216,,
1683,401793,200,1776708181298,197,197,false,false,216,,
1684,401794,200,1776708181297,117,117,false,false,216,,
1685,401795,200,1776708181296,132,132,false,false,216,,
1686,401796,200,1776708181298,116,116,false,false,216,,
1687,401797,200,1776708181297,117,117,false,false,216,,
1688,401798,200,1776708181297,117,117,false,false,216,,
1689,401799,200,1776708181361,181,181,false,false,216,,
1690,401800,200,1776708181361,134,134,false,false,216,,
1691,401801,200,1776708181416,127,127,false,false,216,,
1692,401802,200,1776708181416,126,126,false,false,216,,
1693,401803,200,1776708181416,126,126,false,false,216,,
1694,401804,200,1776708181417,125,125,false,false,216,,
1695,401805,200,1776708181416,126,127,false,false,216,,
1696,401806,200,1776708181417,126,126,false,false,216,,
1697,401807,200,1776708181429,177,177,false,false,216,,
1698,401808,200,1776708181497,180,180,false,false,216,,
1699,401809,200,1776708181497,179,179,false,false,216,,
1700,401810,200,1776708181545,131,132,false,false,216,,
1701,401811,200,1776708181545,132,132,false,false,216,,
1702,401812,200,1776708181544,132,132,false,false,216,,
1703,401813,200,1776708181546,131,131,false,false,216,,
1704,401814,200,1776708181545,132,132,false,false,216,,
1705,401815,200,1776708181545,131,131,false,false,216,,
1706,401816,200,1776708181546,130,130,false,false,216,,
1707,401817,200,1776708181608,148,148,false,false,216,,
1708,401818,200,1776708181678,132,132,false,false,216,,
1709,401819,200,1776708181680,181,181,false,false,216,,
1710,401820,200,1776708181679,130,130,false,false,216,,
1711,401821,200,1776708181680,130,130,false,false,216,,
1712,401822,200,1776708181678,131,131,false,false,216,,
1713,401823,200,1776708181680,130,130,false,false,216,,
1714,401824,200,1776708181680,181,181,false,false,216,,
1715,401825,200,1776708181679,131,131,false,false,216,,
1716,401826,200,1776708181679,131,131,false,false,216,,
1717,401827,200,1776708181758,166,166,false,false,216,,
1718,401828,200,1776708181811,113,113,false,false,216,,
1719,401829,200,1776708181812,113,113,false,false,216,,
1720,401830,200,1776708181812,112,112,false,false,216,,
1721,401831,200,1776708181813,112,112,false,false,216,,
1722,401832,200,1776708181813,112,112,false,false,216,,
1723,401833,200,1776708181813,128,128,false,false,216,,
1724,401834,200,1776708181813,192,192,false,false,216,,
1725,401835,200,1776708181862,143,143,false,false,216,,
1726,401836,200,1776708181863,143,143,false,false,216,,
1727,401837,200,1776708181926,126,126,false,false,216,,
1728,401838,200,1776708181927,126,126,false,false,216,,
1729,401839,200,1776708181927,125,125,false,false,216,,
1730,401840,200,1776708181928,125,125,false,false,216,,
1731,401841,200,1776708181927,126,126,false,false,216,,
1732,401842,200,1776708181927,125,125,false,false,216,,
1733,401843,200,1776708181943,173,173,false,false,216,,
1734,401844,200,1776708182007,178,178,false,false,216,,
1735,401845,200,1776708182007,178,178,false,false,216,,
1736,401846,200,1776708182008,178,178,false,false,216,,
1737,401847,200,1776708182055,131,131,false,false,216,,
1738,401848,200,1776708182055,131,131,false,false,216,,
1739,401849,200,1776708182055,130,130,false,false,216,,
1740,401850,200,1776708182056,130,130,false,false,216,,
1741,401851,200,1776708182055,131,131,false,false,216,,
1742,401852,200,1776708182054,132,132,false,false,216,,
1743,401853,200,1776708182118,132,132,false,false,216,,
1744,401854,200,1776708182188,127,127,false,false,216,,
1745,401855,200,1776708182189,126,126,false,false,216,,
1746,401856,200,1776708182188,126,127,false,false,216,,
1747,401857,200,1776708182189,125,125,false,false,216,,
1748,401858,200,1776708182188,127,127,false,false,216,,
1749,401859,200,1776708182189,125,125,false,false,216,,
1750,401860,200,1776708182188,126,126,false,false,216,,
1751,401861,200,1776708182189,126,126,false,false,216,,
1752,401862,200,1776708182190,189,189,false,false,216,,
1753,401863,200,1776708182252,198,198,false,false,216,,
1754,401864,200,1776708182317,133,133,false,false,216,,
1755,401865,200,1776708182317,133,133,false,false,216,,
1756,401866,200,1776708182318,131,131,false,false,216,,
1757,401867,200,1776708182318,132,132,false,false,216,,
1758,401868,200,1776708182317,133,133,false,false,216,,
1759,401869,200,1776708182317,132,132,false,false,216,,
1760,401870,200,1776708182318,132,132,false,false,216,,
1761,401871,200,1776708182318,131,131,false,false,216,,
1762,401872,200,1776708182381,154,154,false,false,216,,
1763,401873,200,1776708182451,134,134,false,false,216,,
1764,401874,200,1776708182452,133,133,false,false,216,,
1765,401875,200,1776708182453,132,132,false,false,216,,
1766,401876,200,1776708182453,133,133,false,false,216,,
1767,401877,200,1776708182453,132,132,false,false,216,,
1768,401878,200,1776708182454,131,131,false,false,216,,
1769,401879,200,1776708182454,195,195,false,false,216,,
1770,401880,200,1776708182454,131,131,false,false,216,,
1771,401881,200,1776708182452,133,133,false,false,216,,
1772,401882,200,1776708182537,178,178,false,false,216,,
1773,401883,200,1776708182587,127,127,false,false,216,,
1774,401884,200,1776708182587,127,127,false,false,216,,
1775,401885,200,1776708182589,189,190,false,false,216,,
1776,401886,200,1776708182587,127,127,false,false,216,,
1777,401887,200,1776708182588,126,126,false,false,216,,
1778,401888,200,1776708182588,126,126,false,false,216,,
1779,401889,200,1776708182588,126,126,false,false,216,,
1780,401890,200,1776708182588,126,126,false,false,216,,
1781,401891,200,1776708182651,127,127,false,false,216,,
1782,401892,200,1776708182717,126,126,false,false,216,,
1783,401893,200,1776708182716,127,127,false,false,216,,
1784,401894,200,1776708182718,125,125,false,false,216,,
1785,401895,200,1776708182716,127,127,false,false,216,,
1786,401896,200,1776708182718,189,189,false,false,216,,
1787,401897,200,1776708182717,126,126,false,false,216,,
1788,401898,200,1776708182717,125,125,false,false,216,,
1789,401899,200,1776708182717,127,127,false,false,216,,
1790,401900,200,1776708182780,196,196,false,false,216,,
1791,401901,200,1776708182780,196,196,false,false,216,,
1792,401902,200,1776708182846,195,195,false,false,216,,
1793,401903,200,1776708182845,131,131,false,false,216,,
1794,401904,200,1776708182846,130,130,false,false,216,,
1795,401905,200,1776708182845,131,131,false,false,216,,
1796,401906,200,1776708182846,130,130,false,false,216,,
1797,401907,200,1776708182845,131,131,false,false,216,,
1798,401908,200,1776708182846,130,130,false,false,216,,
1799,401909,200,1776708182908,134,134,false,false,216,,
1800,401910,200,1776708182978,130,130,false,false,216,,
1801,401911,200,1776708182977,131,131,false,false,216,,
1802,401912,200,1776708182978,130,130,false,false,216,,
1803,401913,200,1776708182980,193,193,false,false,216,,
1804,401914,200,1776708182980,192,192,false,false,216,,
1805,401915,200,1776708182979,129,129,false,false,216,,
1806,401916,200,1776708182979,129,129,false,false,216,,
1807,401917,200,1776708182979,193,193,false,false,216,,
1808,401918,200,1776708183043,194,194,false,false,216,,
1809,401919,200,1776708183044,193,193,false,false,216,,
1810,401920,200,1776708183111,191,191,false,false,216,,
1811,401921,200,1776708183110,191,191,false,false,216,,
1812,401922,200,1776708183111,190,190,false,false,216,,
1813,401923,200,1776708183110,191,191,false,false,216,,
1814,401924,200,1776708183110,191,191,false,false,216,,
1815,401925,200,1776708183174,192,192,false,false,216,,
1816,401926,200,1776708183174,191,191,false,false,216,,
1817,401927,200,1776708183174,192,192,false,false,216,,
1818,401928,200,1776708183238,194,194,false,false,216,,
1819,401929,200,1776708183238,194,194,false,false,216,,
1820,401930,200,1776708183302,131,131,false,false,216,,
1821,401931,200,1776708183302,130,130,false,false,216,,
1822,401932,200,1776708183303,130,130,false,false,216,,
1823,401933,200,1776708183303,130,130,false,false,216,,
1824,401934,200,1776708183302,130,130,false,false,216,,
1825,401935,200,1776708183367,214,214,false,false,216,,
1826,401936,200,1776708183368,213,213,false,false,216,,
1827,401937,200,1776708183368,146,146,false,false,216,,
1828,401938,200,1776708183434,147,147,false,false,216,,
1829,401939,200,1776708183434,147,147,false,false,216,,
1830,401940,200,1776708183434,147,147,false,false,216,,
1831,401941,200,1776708183434,147,147,false,false,216,,
1832,401942,200,1776708183434,147,147,false,false,216,,
1833,401943,200,1776708183434,147,147,false,false,216,,
1834,401944,200,1776708183434,147,147,false,false,216,,
1835,401945,200,1776708183515,130,130,false,false,216,,
1836,401946,200,1776708183585,125,125,false,false,216,,
1837,401947,200,1776708183583,126,126,false,false,216,,
1838,401948,200,1776708183585,194,194,false,false,216,,
1839,401949,200,1776708183584,126,126,false,false,216,,
1840,401950,200,1776708183583,127,127,false,false,216,,
1841,401951,200,1776708183585,194,194,false,false,216,,
1842,401952,200,1776708183584,126,126,false,false,216,,
1843,401953,200,1776708183584,125,125,false,false,216,,
1844,401954,200,1776708183584,125,125,false,false,216,,
1845,401955,200,1776708183647,132,132,false,false,216,,
1846,401956,200,1776708183712,135,135,false,false,216,,
1847,401957,200,1776708183711,135,135,false,false,216,,
1848,401958,200,1776708183713,134,134,false,false,216,,
1849,401959,200,1776708183713,134,134,false,false,216,,
1850,401960,200,1776708183712,135,135,false,false,216,,
1851,401961,200,1776708183712,135,135,false,false,216,,
1852,401962,200,1776708183712,134,134,false,false,216,,
1853,401963,200,1776708183781,211,211,false,false,216,,
1854,401964,200,1776708183781,144,144,false,false,216,,
1855,401965,200,1776708183781,211,211,false,false,216,,
1856,401966,200,1776708183850,142,142,false,false,216,,
1857,401967,200,1776708183849,143,143,false,false,216,,
1858,401968,200,1776708183849,143,143,false,false,216,,
1859,401969,200,1776708183849,143,143,false,false,216,,
1860,401970,200,1776708183849,143,143,false,false,216,,
1861,401971,200,1776708183850,142,142,false,false,216,,
1862,401972,200,1776708183850,142,142,false,false,216,,
1863,401973,200,1776708183927,128,128,false,false,216,,
1864,401974,200,1776708183995,131,131,false,false,216,,
1865,401975,200,1776708183995,131,131,false,false,216,,
1866,401976,200,1776708183996,131,131,false,false,216,,
1867,401977,200,1776708183996,130,130,false,false,216,,
1868,401978,200,1776708183994,133,133,false,false,216,,
1869,401979,200,1776708183994,132,132,false,false,216,,
1870,401980,200,1776708183995,132,132,false,false,216,,
1871,401981,200,1776708183994,132,132,false,false,216,,
1872,401982,200,1776708183996,131,131,false,false,216,,
1873,401983,200,1776708184056,149,149,false,false,216,,
1874,401984,200,1776708184130,142,142,false,false,216,,
1875,401985,200,1776708184130,142,142,false,false,216,,
1876,401986,200,1776708184131,141,141,false,false,216,,
1877,401987,200,1776708184129,143,143,false,false,216,,
1878,401988,200,1776708184129,142,142,false,false,216,,
1879,401989,200,1776708184131,141,141,false,false,216,,
1880,401990,200,1776708184130,142,142,false,false,216,,
1881,401991,200,1776708184129,143,143,false,false,216,,
1882,401992,200,1776708184131,141,141,false,false,216,,
1883,401993,200,1776708184206,133,133,false,false,216,,
1884,401994,200,1776708184274,131,131,false,false,216,,
1885,401995,200,1776708184276,194,194,false,false,216,,
1886,401996,200,1776708184275,129,129,false,false,216,,
1887,401997,200,1776708184274,131,131,false,false,216,,
1888,401998,200,1776708184275,130,130,false,false,216,,
1889,401999,200,1776708184275,130,130,false,false,216,,
1890,402000,200,1776708184275,130,130,false,false,216,,
1891,402001,200,1776708184276,194,194,false,false,216,,
1892,402002,200,1776708184274,131,131,false,false,216,,
1893,402003,200,1776708184341,198,198,false,false,216,,
1894,402004,200,1776708184407,132,132,false,false,216,,
1895,402005,200,1776708184407,132,132,false,false,216,,
1896,402006,200,1776708184408,131,131,false,false,216,,
1897,402007,200,1776708184407,132,132,false,false,216,,
1898,402008,200,1776708184408,131,131,false,false,216,,
1899,402009,200,1776708184408,131,131,false,false,216,,
1900,402010,200,1776708184408,131,131,false,false,216,,
1901,402011,200,1776708184472,213,213,false,false,216,,
1902,402012,200,1776708184541,143,143,false,false,216,,
1903,402013,200,1776708184471,147,147,false,false,216,,
1904,402014,200,1776708184542,143,143,false,false,216,,
1905,402015,200,1776708184541,144,144,false,false,216,,
1906,402016,200,1776708184541,143,143,false,false,216,,
1907,402017,200,1776708184542,143,143,false,false,216,,
1908,402018,200,1776708184542,142,143,false,false,216,,
1909,402019,200,1776708184543,142,142,false,false,216,,
1910,402020,200,1776708184542,143,143,false,false,216,,
1911,402021,200,1776708184620,145,145,false,false,216,,
1912,402022,200,1776708184686,132,132,false,false,216,,
1913,402023,200,1776708184688,131,131,false,false,216,,
1914,402024,200,1776708184687,132,132,false,false,216,,
1915,402025,200,1776708184688,130,130,false,false,216,,
1916,402026,200,1776708184689,188,188,false,false,216,,
1917,402027,200,1776708184687,131,131,false,false,216,,
1918,402028,200,1776708184687,131,131,false,false,216,,
1919,402029,200,1776708184688,131,131,false,false,216,,
1920,402030,200,1776708184688,130,130,false,false,216,,
1921,402031,200,1776708184766,185,185,false,false,216,,
1922,402032,200,1776708184821,131,131,false,false,216,,
1923,402033,200,1776708184821,130,130,false,false,216,,
1924,402034,200,1776708184821,131,131,false,false,216,,
1925,402035,200,1776708184820,131,131,false,false,216,,
1926,402036,200,1776708184822,130,130,false,false,216,,
1927,402037,200,1776708184821,130,131,false,false,216,,
1928,402038,200,1776708184822,130,130,false,false,216,,
1929,402039,200,1776708184821,131,131,false,false,216,,
1930,402040,200,1776708184878,141,141,false,false,216,,
1931,402041,200,1776708184954,132,132,false,false,216,,
1932,402042,200,1776708184955,131,132,false,false,216,,
1933,402043,200,1776708184953,133,133,false,false,216,,
1934,402044,200,1776708184954,132,132,false,false,216,,
1935,402045,200,1776708184955,131,131,false,false,216,,
1936,402046,200,1776708184953,132,133,false,false,216,,
1937,402047,200,1776708184955,131,131,false,false,216,,
1938,402048,200,1776708184954,132,132,false,false,216,,
1939,402049,200,1776708184955,131,131,false,false,216,,
1940,402050,200,1776708185021,133,133,false,false,216,,
1941,402051,200,1776708185089,132,132,false,false,216,,
1942,402052,200,1776708185089,132,132,false,false,216,,
1943,402053,200,1776708185089,132,132,false,false,216,,
1944,402054,200,1776708185088,133,133,false,false,216,,
1945,402055,200,1776708185090,131,131,false,false,216,,
1946,402056,200,1776708185090,131,131,false,false,216,,
1947,402057,200,1776708185089,132,132,false,false,216,,
1948,402058,200,1776708185090,131,131,false,false,216,,
1949,402059,200,1776708185090,131,131,false,false,216,,
1950,402060,200,1776708185155,134,134,false,false,216,,
1951,402061,200,1776708185225,135,135,false,false,216,,
1952,402062,200,1776708185223,137,137,false,false,216,,
1953,402063,200,1776708185225,135,135,false,false,216,,
1954,402064,200,1776708185223,137,137,false,false,216,,
1955,402065,200,1776708185224,136,136,false,false,216,,
1956,402066,200,1776708185224,136,136,false,false,216,,
1957,402067,200,1776708185224,136,136,false,false,216,,
1958,402068,200,1776708185225,136,136,false,false,216,,
1959,402069,200,1776708185225,135,135,false,false,216,,
1960,402070,200,1776708185295,133,133,false,false,216,,
1961,402071,200,1776708185363,130,130,false,false,216,,
1962,402072,200,1776708185362,131,131,false,false,216,,
1963,402073,200,1776708185364,193,193,false,false,216,,
1964,402074,200,1776708185363,130,130,false,false,216,,
1965,402075,200,1776708185363,130,130,false,false,216,,
1966,402076,200,1776708185363,129,129,false,false,216,,
1967,402077,200,1776708185363,129,129,false,false,216,,
1968,402078,200,1776708185364,129,129,false,false,216,,
1969,402079,200,1776708185364,129,129,false,false,216,,
1970,402080,200,1776708185429,197,197,false,false,216,,
1971,402081,200,1776708185495,131,131,false,false,216,,
1972,402082,200,1776708185495,132,132,false,false,216,,
1973,402083,200,1776708185495,131,131,false,false,216,,
1974,402084,200,1776708185496,131,131,false,false,216,,
1975,402085,200,1776708185495,131,131,false,false,216,,
1976,402086,200,1776708185496,194,194,false,false,216,,
1977,402087,200,1776708185496,131,131,false,false,216,,
1978,402088,200,1776708185495,131,131,false,false,216,,
1979,402089,200,1776708185558,196,196,false,false,216,,
1980,402090,200,1776708185629,126,126,false,false,216,,
1981,402091,200,1776708185628,127,127,false,false,216,,
1982,402092,200,1776708185629,126,126,false,false,216,,
1983,402093,200,1776708185630,190,190,false,false,216,,
1984,402094,200,1776708185630,125,125,false,false,216,,
1985,402095,200,1776708185629,126,126,false,false,216,,
1986,402096,200,1776708185630,190,190,false,false,216,,
1987,402097,200,1776708185628,126,126,false,false,216,,
1988,402098,200,1776708185692,128,128,false,false,216,,
1989,402099,200,1776708185757,130,130,false,false,216,,
1990,402100,200,1776708185757,131,131,false,false,216,,
1991,402101,200,1776708185758,130,130,false,false,216,,
1992,402102,200,1776708185757,130,130,false,false,216,,
1993,402103,200,1776708185758,130,130,false,false,216,,
1994,402104,200,1776708185757,130,130,false,false,216,,
1995,402105,200,1776708185758,129,129,false,false,216,,
1996,402106,200,1776708185822,129,129,false,false,216,,
1997,402107,200,1776708185823,193,193,false,false,216,,
1998,402108,200,1776708185822,193,193,false,false,216,,
1999,402109,200,1776708185890,126,126,false,false,216,,
2000,402110,200,1776708185889,126,126,false,false,216,,
2001,402111,200,1776708185891,189,189,false,false,216,,
2002,402112,200,1776708185890,126,126,false,false,216,,
2003,402113,200,1776708185890,125,125,false,false,216,,
2004,402114,200,1776708185891,189,189,false,false,216,,
2005,402115,200,1776708185890,125,125,false,false,216,,
2006,402116,200,1776708185952,196,197,false,false,216,,
2007,402117,200,1776708186019,130,130,false,false,216,,
2008,402118,200,1776708186017,132,132,false,false,216,,
2009,402119,200,1776708186019,130,130,false,false,216,,
2010,402120,200,1776708186018,131,131,false,false,216,,
2011,402121,200,1776708186018,131,131,false,false,216,,
2012,402122,200,1776708186018,131,132,false,false,216,,
2013,402123,200,1776708186017,132,132,false,false,216,,
2014,402124,200,1776708186081,201,201,false,false,216,,
2015,402125,200,1776708186082,146,146,false,false,216,,
2016,402126,200,1776708186151,132,132,false,false,216,,
2017,402127,200,1776708186153,130,130,false,false,216,,
2018,402128,200,1776708186151,132,132,false,false,216,,
2019,402129,200,1776708186152,131,131,false,false,216,,
2020,402130,200,1776708186153,179,179,false,false,216,,
2021,402131,200,1776708186152,131,131,false,false,216,,
2022,402132,200,1776708186152,131,131,false,false,216,,
2023,402133,200,1776708186152,130,130,false,false,216,,
2024,402134,200,1776708186229,185,185,false,false,216,,
2025,402135,200,1776708186284,130,130,false,false,216,,
2026,402136,200,1776708186284,130,130,false,false,216,,
2027,402137,200,1776708186284,130,130,false,false,216,,
2028,402138,200,1776708186284,130,130,false,false,216,,
2029,402139,200,1776708186284,130,130,false,false,216,,
2030,402140,200,1776708186284,130,130,false,false,216,,
2031,402141,200,1776708186284,130,130,false,false,216,,
2032,402142,200,1776708186284,130,130,false,false,216,,
2033,402143,200,1776708186333,162,162,false,false,216,,
2034,402144,200,1776708186415,147,147,false,false,216,,
2035,402145,200,1776708186415,147,147,false,false,216,,
2036,402146,200,1776708186416,146,146,false,false,216,,
2037,402147,200,1776708186415,147,147,false,false,216,,
2038,402148,200,1776708186416,147,147,false,false,216,,
2039,402149,200,1776708186416,147,147,false,false,216,,
2040,402150,200,1776708186416,147,147,false,false,216,,
2041,402151,200,1776708186416,147,147,false,false,216,,
2042,402152,200,1776708186416,147,147,false,false,216,,
2043,402153,200,1776708186496,145,145,false,false,216,,
2044,402154,200,1776708186566,131,131,false,false,216,,
2045,402155,200,1776708186566,131,131,false,false,216,,
2046,402156,200,1776708186566,194,194,false,false,216,,
2047,402157,200,1776708186564,132,132,false,false,216,,
2048,402158,200,1776708186565,131,131,false,false,216,,
2049,402159,200,1776708186565,132,132,false,false,216,,
2050,402160,200,1776708186565,131,131,false,false,216,,
2051,402161,200,1776708186566,130,130,false,false,216,,
2052,402162,200,1776708186566,130,130,false,false,216,,
2053,402163,200,1776708186643,182,182,false,false,216,,
2054,402164,200,1776708186699,127,127,false,false,216,,
2055,402165,200,1776708186698,127,127,false,false,216,,
2056,402166,200,1776708186699,126,126,false,false,216,,
2057,402167,200,1776708186699,126,126,false,false,216,,
2058,402168,200,1776708186698,127,127,false,false,216,,
2059,402169,200,1776708186700,189,189,false,false,216,,
2060,402170,200,1776708186700,125,125,false,false,216,,
2061,402171,200,1776708186699,126,126,false,false,216,,
2062,402172,200,1776708186762,128,128,false,false,216,,
2063,402173,200,1776708186827,117,117,false,false,216,,
2064,402174,200,1776708186828,116,116,false,false,216,,
2065,402175,200,1776708186828,116,116,false,false,216,,
2066,402176,200,1776708186827,116,117,false,false,216,,
2067,402177,200,1776708186828,116,116,false,false,216,,
2068,402178,200,1776708186828,116,116,false,false,216,,
2069,402179,200,1776708186827,116,116,false,false,216,,
2070,402180,200,1776708186829,179,179,false,false,216,,
2071,402181,200,1776708186891,180,180,false,false,216,,
2072,402182,200,1776708186891,179,179,false,false,216,,
2073,402183,200,1776708186946,125,125,false,false,216,,
2074,402184,200,1776708186946,124,124,false,false,216,,
2075,402185,200,1776708186946,125,125,false,false,216,,
2076,402186,200,1776708186947,124,124,false,false,216,,
2077,402187,200,1776708186945,125,125,false,false,216,,
2078,402188,200,1776708186947,124,124,false,false,216,,
2079,402189,200,1776708186947,187,187,false,false,216,,
2080,402190,200,1776708187009,189,190,false,false,216,,
2081,402191,200,1776708187072,126,126,false,false,216,,
2082,402192,200,1776708187073,126,126,false,false,216,,
2083,402193,200,1776708187073,125,125,false,false,216,,
2084,402194,200,1776708187074,125,125,false,false,216,,
2085,402195,200,1776708187074,125,125,false,false,216,,
2086,402196,200,1776708187073,126,126,false,false,216,,
2087,402197,200,1776708187074,124,124,false,false,216,,
2088,402198,200,1776708187074,247,248,false,false,216,,
2089,402199,200,1776708187136,144,144,false,false,216,,
2090,402200,200,1776708187201,121,121,false,false,216,,
2091,402201,200,1776708187200,121,121,false,false,216,,
2092,402202,200,1776708187202,317,317,false,false,216,,
2093,402203,200,1776708187200,121,121,false,false,216,,
2094,402204,200,1776708187202,120,120,false,false,216,,
2095,402205,200,1776708187201,120,120,false,false,216,,
2096,402206,200,1776708187201,121,121,false,false,216,,
2097,402207,200,1776708187201,121,121,false,false,216,,
2098,402208,200,1776708187282,173,173,false,false,216,,
2099,402209,200,1776708187325,130,130,false,false,216,,
2100,402210,200,1776708187324,82,82,false,false,216,,
2101,402211,200,1776708187324,131,131,false,false,216,,
2102,402212,200,1776708187323,131,131,false,false,216,,
2103,402213,200,1776708187325,194,194,false,false,216,,
2104,402214,200,1776708187325,194,194,false,false,216,,
2105,402215,200,1776708187324,130,130,false,false,216,,
2106,402216,200,1776708187326,193,193,false,false,216,,
2107,402217,200,1776708187406,227,227,false,false,216,,
2108,402218,200,1776708187456,178,178,false,false,216,,
2109,402219,200,1776708187456,177,178,false,false,216,,
2110,402220,200,1776708187456,178,178,false,false,216,,
2111,402221,200,1776708187456,178,178,false,false,216,,
2112,402222,200,1776708187456,145,145,false,false,216,,
2113,402223,200,1776708187521,177,177,false,false,216,,
2114,402224,200,1776708187521,177,177,false,false,216,,
2115,402225,200,1776708187521,177,177,false,false,216,,
2116,402226,200,1776708187521,309,309,false,false,216,,
2117,402227,200,1776708187602,164,164,false,false,216,,
2118,402228,200,1776708187635,130,130,false,false,216,,
2119,402229,200,1776708187636,130,130,false,false,216,,
2120,402230,200,1776708187635,131,131,false,false,216,,
2121,402231,200,1776708187636,130,130,false,false,216,,
2122,402232,200,1776708187635,130,130,false,false,216,,
2123,402233,200,1776708187699,198,198,false,false,216,,
2124,402234,200,1776708187700,197,197,false,false,216,,
2125,402235,200,1776708187700,331,331,false,false,216,,
2126,402236,200,1776708187767,131,131,false,false,216,,
2127,402237,200,1776708187767,130,130,false,false,216,,
2128,402238,200,1776708187768,130,130,false,false,216,,
2129,402239,200,1776708187768,130,130,false,false,216,,
2130,402240,200,1776708187768,130,130,false,false,216,,
2131,402241,200,1776708187767,130,130,false,false,216,,
2132,402242,200,1776708187831,130,131,false,false,216,,
2133,402243,200,1776708187900,131,131,false,false,216,,
2134,402244,200,1776708187899,201,201,false,false,216,,
2135,402245,200,1776708187900,131,131,false,false,216,,
2136,402246,200,1776708187900,131,131,false,false,216,,
2137,402247,200,1776708187900,131,131,false,false,216,,
2138,402248,200,1776708187901,130,130,false,false,216,,
2139,402249,200,1776708187901,130,130,false,false,216,,
2140,402250,200,1776708187901,130,130,false,false,216,,
2141,402251,200,1776708187963,137,137,false,false,216,,
2142,402252,200,1776708188033,132,132,false,false,216,,
2143,402253,200,1776708188034,266,266,false,false,216,,
2144,402254,200,1776708188034,131,131,false,false,216,,
2145,402255,200,1776708188033,132,132,false,false,216,,
2146,402256,200,1776708188033,132,132,false,false,216,,
2147,402257,200,1776708188034,131,131,false,false,216,,
2148,402258,200,1776708188034,131,131,false,false,216,,
2149,402259,200,1776708188035,194,194,false,false,216,,
2150,402260,200,1776708188102,197,198,false,false,216,,
2151,402261,200,1776708188102,197,197,false,false,216,,
2152,402262,200,1776708188167,133,133,false,false,216,,
2153,402263,200,1776708188168,132,132,false,false,216,,
2154,402264,200,1776708188167,133,133,false,false,216,,
2155,402265,200,1776708188167,132,132,false,false,216,,
2156,402266,200,1776708188167,132,132,false,false,216,,
2157,402267,200,1776708188168,131,131,false,false,216,,
2158,402268,200,1776708188231,266,266,false,false,216,,
2159,402269,200,1776708188303,131,131,false,false,216,,
2160,402270,200,1776708188301,133,133,false,false,216,,
2161,402271,200,1776708188302,132,132,false,false,216,,
2162,402272,200,1776708188303,83,83,false,false,216,,
2163,402273,200,1776708188303,194,194,false,false,216,,
2164,402274,200,1776708188302,132,132,false,false,216,,
2165,402275,200,1776708188303,194,194,false,false,216,,
2166,402276,200,1776708188302,132,132,false,false,216,,
2167,402277,200,1776708188302,132,132,false,false,216,,
2168,402278,200,1776708188387,316,316,false,false,216,,
2169,402279,200,1776708188435,132,132,false,false,216,,
2170,402280,200,1776708188436,132,132,false,false,216,,
2171,402281,200,1776708188436,131,131,false,false,216,,
2172,402282,200,1776708188436,131,131,false,false,216,,
2173,402283,200,1776708188436,131,131,false,false,216,,
2174,402284,200,1776708188437,130,130,false,false,216,,
2175,402285,200,1776708188499,137,137,false,false,216,,
2176,402286,200,1776708188499,137,137,false,false,216,,
2177,402287,200,1776708188499,138,138,false,false,216,,
2178,402288,200,1776708188570,133,133,false,false,216,,
2179,402289,200,1776708188569,134,134,false,false,216,,
2180,402290,200,1776708188570,133,133,false,false,216,,
2181,402291,200,1776708188570,133,133,false,false,216,,
2182,402292,200,1776708188571,132,132,false,false,216,,
2183,402293,200,1776708188638,212,212,false,false,216,,
2184,402294,200,1776708188571,132,132,false,false,216,,
2185,402295,200,1776708188638,213,213,false,false,216,,
2186,402296,200,1776708188638,145,145,false,false,216,,
2187,402297,200,1776708188705,146,146,false,false,216,,
2188,402298,200,1776708188705,145,146,false,false,216,,
2189,402299,200,1776708188705,146,146,false,false,216,,
2190,402300,200,1776708188706,145,145,false,false,216,,
2191,402301,200,1776708188706,145,145,false,false,216,,
2192,402302,200,1776708188706,145,145,false,false,216,,
2193,402303,200,1776708188705,146,146,false,false,216,,
2194,402304,200,1776708188785,135,135,false,false,216,,
2195,402305,200,1776708188853,132,132,false,false,216,,
2196,402306,200,1776708188854,131,131,false,false,216,,
2197,402307,200,1776708188852,133,133,false,false,216,,
2198,402308,200,1776708188855,194,194,false,false,216,,
2199,402309,200,1776708188854,130,130,false,false,216,,
2200,402310,200,1776708188853,196,196,false,false,216,,
2201,402311,200,1776708188853,131,131,false,false,216,,
2202,402312,200,1776708188854,131,131,false,false,216,,
2203,402313,200,1776708188854,131,131,false,false,216,,
2204,402314,200,1776708188921,192,192,false,false,216,,
2205,402315,200,1776708188986,127,127,false,false,216,,
2206,402316,200,1776708188987,127,127,false,false,216,,
2207,402317,200,1776708188987,127,127,false,false,216,,
2208,402318,200,1776708188988,126,126,false,false,216,,
2209,402319,200,1776708188987,126,126,false,false,216,,
2210,402320,200,1776708188988,125,126,false,false,216,,
2211,402321,200,1776708188988,189,189,false,false,216,,
2212,402322,200,1776708189050,196,196,false,false,216,,
2213,402323,200,1776708189051,196,196,false,false,216,,
2214,402324,200,1776708189115,132,132,false,false,216,,
2215,402325,200,1776708189115,132,132,false,false,216,,
2216,402326,200,1776708189117,131,131,false,false,216,,
2217,402327,200,1776708189116,131,131,false,false,216,,
2218,402328,200,1776708189115,132,132,false,false,216,,
2219,402329,200,1776708189116,131,131,false,false,216,,
2220,402330,200,1776708189116,131,131,false,false,216,,
2221,402331,200,1776708189179,132,132,false,false,216,,
2222,402332,200,1776708189250,130,130,false,false,216,,
2223,402333,200,1776708189249,131,131,false,false,216,,
2224,402334,200,1776708189249,131,131,false,false,216,,
2225,402335,200,1776708189249,131,131,false,false,216,,
2226,402336,200,1776708189250,130,130,false,false,216,,
2227,402337,200,1776708189250,130,130,false,false,216,,
2228,402338,200,1776708189250,130,130,false,false,216,,
2229,402339,200,1776708189250,130,130,false,false,216,,
2230,402340,200,1776708189249,130,130,false,false,216,,
2231,402341,200,1776708189312,966,966,false,false,216,,
2232,402342,200,1776708189381,151,151,false,false,216,,
2233,402343,200,1776708189382,151,151,false,false,216,,
2234,402344,200,1776708189381,151,151,false,false,216,,
2235,402345,200,1776708189381,151,151,false,false,216,,
2236,402346,200,1776708189381,151,152,false,false,216,,
2237,402347,200,1776708189381,83,83,false,false,216,,
2238,402348,200,1776708189381,151,151,false,false,216,,
2239,402349,200,1776708189382,151,151,false,false,216,,
2240,402350,200,1776708189381,151,151,false,false,216,,
2241,402351,200,1776708189466,134,134,false,false,216,,
2242,402352,200,1776708189535,132,132,false,false,216,,
2243,402353,200,1776708189535,132,132,false,false,216,,
2244,402354,200,1776708189535,133,133,false,false,216,,
2245,402355,200,1776708189535,133,133,false,false,216,,
2246,402356,200,1776708189534,133,133,false,false,216,,
2247,402357,200,1776708189534,133,133,false,false,216,,
2248,402358,200,1776708189536,132,132,false,false,216,,
2249,402359,200,1776708189536,132,132,false,false,216,,
2250,402360,200,1776708189602,132,132,false,false,216,,
2251,402361,200,1776708189669,129,129,false,false,216,,
2252,402362,200,1776708189671,192,192,false,false,216,,
2253,402363,200,1776708189670,129,129,false,false,216,,
2254,402364,200,1776708189670,128,128,false,false,216,,
2255,402365,200,1776708189671,128,128,false,false,216,,
2256,402366,200,1776708189670,128,128,false,false,216,,
2257,402367,200,1776708189670,128,128,false,false,216,,
2258,402368,200,1776708189669,129,129,false,false,216,,
2259,402369,200,1776708189735,197,197,false,false,216,,
2260,402370,200,1776708189801,132,132,false,false,216,,
2261,402371,200,1776708189800,132,132,false,false,216,,
2262,402372,200,1776708189800,133,133,false,false,216,,
2263,402373,200,1776708189801,131,131,false,false,216,,
2264,402374,200,1776708189801,131,131,false,false,216,,
2265,402375,200,1776708189801,131,131,false,false,216,,
2266,402376,200,1776708189800,132,132,false,false,216,,
2267,402377,200,1776708189865,131,131,false,false,216,,
2268,402378,200,1776708189936,130,130,false,false,216,,
2269,402379,200,1776708189934,132,132,false,false,216,,
2270,402380,200,1776708189935,131,131,false,false,216,,
2271,402381,200,1776708189936,130,130,false,false,216,,
2272,402382,200,1776708189936,130,130,false,false,216,,
2273,402383,200,1776708189935,131,131,false,false,216,,
2274,402384,200,1776708189935,131,131,false,false,216,,
2275,402385,200,1776708189935,131,131,false,false,216,,
2276,402386,200,1776708189997,148,148,false,false,216,,
2277,402387,200,1776708190067,146,146,false,false,216,,
2278,402388,200,1776708190070,144,144,false,false,216,,
2279,402389,200,1776708190068,145,145,false,false,216,,
2280,402390,200,1776708190068,146,146,false,false,216,,
2281,402391,200,1776708190069,145,145,false,false,216,,
2282,402392,200,1776708190068,146,146,false,false,216,,
2283,402393,200,1776708190069,145,145,false,false,216,,
2284,402394,200,1776708190069,144,144,false,false,216,,
2285,402395,200,1776708190147,130,130,false,false,216,,
2286,402396,200,1776708190216,131,131,false,false,216,,
2287,402397,200,1776708190216,131,131,false,false,216,,
2288,402398,200,1776708190215,131,131,false,false,216,,
2289,402399,200,1776708190215,132,132,false,false,216,,
2290,402400,200,1776708190216,131,131,false,false,216,,
2291,402401,200,1776708190216,131,131,false,false,216,,
2292,402402,200,1776708190216,131,131,false,false,216,,
2293,402403,200,1776708190217,131,131,false,false,216,,
2294,402404,200,1776708190279,134,134,false,false,216,,
2295,402405,200,1776708190279,198,198,false,false,216,,
2296,402406,200,1776708190350,128,128,false,false,216,,
2297,402407,200,1776708190350,127,127,false,false,216,,
2298,402408,200,1776708190349,128,128,false,false,216,,
2299,402409,200,1776708190350,128,128,false,false,216,,
2300,402410,200,1776708190350,127,127,false,false,216,,
2301,402411,200,1776708190349,129,129,false,false,216,,
2302,402412,200,1776708190351,221,221,false,false,216,,
2303,402413,200,1776708190349,128,128,false,false,216,,
2304,402414,200,1776708190415,127,127,false,false,216,,
2305,402415,200,1776708190479,130,130,false,false,216,,
2306,402416,200,1776708190479,130,130,false,false,216,,
2307,402417,200,1776708190479,130,130,false,false,216,,
2308,402418,200,1776708190479,130,130,false,false,216,,
2309,402419,200,1776708190479,130,130,false,false,216,,
2310,402420,200,1776708190479,130,130,false,false,216,,
2311,402421,200,1776708190479,130,130,false,false,216,,
2312,402422,200,1776708190479,130,130,false,false,216,,
2313,402423,200,1776708190543,130,130,false,false,216,,
2314,402424,200,1776708190573,168,168,false,false,216,,
2315,402425,200,1776708190610,131,131,false,false,216,,
2316,402426,200,1776708190610,130,130,false,false,216,,
2317,402427,200,1776708190610,131,131,false,false,216,,
2318,402428,200,1776708190610,130,130,false,false,216,,
2319,402429,200,1776708190610,130,130,false,false,216,,
2320,402430,200,1776708190610,130,130,false,false,216,,
2321,402431,200,1776708190610,130,130,false,false,216,,
2322,402432,200,1776708190611,130,130,false,false,216,,
2323,402433,200,1776708190673,130,130,false,false,216,,
2324,402434,200,1776708190743,125,125,false,false,216,,
2325,402435,200,1776708190744,193,193,false,false,216,,
2326,402436,200,1776708190742,126,126,false,false,216,,
2327,402437,200,1776708190742,126,126,false,false,216,,
2328,402438,200,1776708190743,125,125,false,false,216,,
2329,402439,200,1776708190743,125,125,false,false,216,,
2330,402440,200,1776708190743,125,125,false,false,216,,
2331,402441,200,1776708190744,124,124,false,false,216,,
2332,402442,200,1776708190744,124,124,false,false,216,,
2333,402443,200,1776708190805,133,133,false,false,216,,
2334,402444,200,1776708190870,132,132,false,false,216,,
2335,402445,200,1776708190871,130,130,false,false,216,,
2336,402446,200,1776708190871,131,131,false,false,216,,
2337,402447,200,1776708190870,131,131,false,false,216,,
2338,402448,200,1776708190871,131,131,false,false,216,,
2339,402449,200,1776708190871,131,131,false,false,216,,
2340,402450,200,1776708190870,131,131,false,false,216,,
2341,402451,200,1776708190872,193,194,false,false,216,,
2342,402452,200,1776708190939,190,190,false,false,216,,
2343,402453,200,1776708190940,190,190,false,false,216,,
2344,402454,200,1776708191004,126,126,false,false,216,,
2345,402455,200,1776708191004,194,194,false,false,216,,
2346,402456,200,1776708191004,126,126,false,false,216,,
2347,402457,200,1776708191004,126,126,false,false,216,,
2348,402458,200,1776708191003,127,127,false,false,216,,
2349,402459,200,1776708191004,126,126,false,false,216,,
2350,402460,200,1776708191003,126,126,false,false,216,,
2351,402461,200,1776708191067,131,131,false,false,216,,
2352,402462,200,1776708191131,132,132,false,false,216,,
2353,402463,200,1776708191133,194,194,false,false,216,,
2354,402464,200,1776708191134,194,194,false,false,216,,
2355,402465,200,1776708191132,131,131,false,false,216,,
2356,402466,200,1776708191132,131,131,false,false,216,,
2357,402467,200,1776708191133,130,131,false,false,216,,
2358,402468,200,1776708191133,130,130,false,false,216,,
2359,402469,200,1776708191132,131,131,false,false,216,,
2360,402470,200,1776708191199,197,197,false,false,216,,
2361,402471,200,1776708191200,197,197,false,false,216,,
2362,402472,200,1776708191265,132,132,false,false,216,,
2363,402473,200,1776708191266,131,131,false,false,216,,
2364,402474,200,1776708191266,131,131,false,false,216,,
2365,402475,200,1776708191265,132,132,false,false,216,,
2366,402476,200,1776708191265,131,131,false,false,216,,
2367,402477,200,1776708191266,131,131,false,false,216,,
2368,402478,200,1776708191329,215,215,false,false,216,,
2369,402479,200,1776708191329,147,147,false,false,216,,
2370,402480,200,1776708191400,144,144,false,false,216,,
2371,402481,200,1776708191399,146,146,false,false,216,,
2372,402482,200,1776708191400,145,145,false,false,216,,
2373,402483,200,1776708191398,146,146,false,false,216,,
2374,402484,200,1776708191399,145,145,false,false,216,,
2375,402485,200,1776708191400,145,145,false,false,216,,
2376,402486,200,1776708191399,145,145,false,false,216,,
2377,402487,200,1776708191400,144,144,false,false,216,,
2378,402488,200,1776708191478,134,134,false,false,216,,
2379,402489,200,1776708191547,130,130,false,false,216,,
2380,402490,200,1776708191547,131,131,false,false,216,,
2381,402491,200,1776708191548,129,129,false,false,216,,
2382,402492,200,1776708191546,131,131,false,false,216,,
2383,402493,200,1776708191547,130,130,false,false,216,,
2384,402494,200,1776708191548,130,130,false,false,216,,
2385,402495,200,1776708191548,130,130,false,false,216,,
2386,402496,200,1776708191548,193,193,false,false,216,,
2387,402497,200,1776708191548,193,193,false,false,216,,
2388,402498,200,1776708191614,197,197,false,false,216,,
2389,402499,200,1776708191679,131,131,false,false,216,,
2390,402500,200,1776708191680,130,131,false,false,216,,
2391,402501,200,1776708191680,130,130,false,false,216,,
2392,402502,200,1776708191679,131,131,false,false,216,,
2393,402503,200,1776708191679,131,131,false,false,216,,
2394,402504,200,1776708191680,131,131,false,false,216,,
2395,402505,200,1776708191680,131,131,false,false,216,,
2396,402506,200,1776708191743,131,131,false,false,216,,
2397,402507,200,1776708191743,196,196,false,false,216,,
2398,402508,200,1776708191812,127,127,false,false,216,,
2399,402509,200,1776708191813,126,126,false,false,216,,
2400,402510,200,1776708191812,128,128,false,false,216,,
2401,402511,200,1776708191814,189,189,false,false,216,,
2402,402512,200,1776708191812,127,127,false,false,216,,
2403,402513,200,1776708191813,127,127,false,false,216,,
2404,402514,200,1776708191813,127,127,false,false,216,,
2405,402515,200,1776708191813,189,189,false,false,216,,
2406,402516,200,1776708191876,196,196,false,false,216,,
2407,402517,200,1776708191941,131,131,false,false,216,,
2408,402518,200,1776708191942,130,130,false,false,216,,
2409,402519,200,1776708191942,129,129,false,false,216,,
2410,402520,200,1776708191942,130,130,false,false,216,,
2411,402521,200,1776708191943,129,129,false,false,216,,
2412,402522,200,1776708191942,130,130,false,false,216,,
2413,402523,200,1776708191943,129,129,false,false,216,,
2414,402524,200,1776708192003,198,198,false,false,216,,
2415,402525,200,1776708192003,134,134,false,false,216,,
2416,402526,200,1776708192073,128,128,false,false,216,,
2417,402527,200,1776708192073,128,128,false,false,216,,
2418,402528,200,1776708192074,128,128,false,false,216,,
2419,402529,200,1776708192073,128,128,false,false,216,,
2420,402530,200,1776708192074,128,128,false,false,216,,
2421,402531,200,1776708192073,128,128,false,false,216,,
2422,402532,200,1776708192074,191,191,false,false,216,,
2423,402533,200,1776708192073,128,128,false,false,216,,
2424,402534,200,1776708192138,183,183,false,false,216,,
2425,402535,200,1776708192203,118,118,false,false,216,,
2426,402536,200,1776708192204,117,117,false,false,216,,
2427,402537,200,1776708192204,117,117,false,false,216,,
2428,402538,200,1776708192205,116,116,false,false,216,,
2429,402539,200,1776708192204,117,117,false,false,216,,
2430,402540,200,1776708192203,118,118,false,false,216,,
2431,402541,200,1776708192203,117,117,false,false,216,,
2432,402542,200,1776708192205,180,180,false,false,216,,
2433,402543,200,1776708192266,187,187,false,false,216,,
2434,402544,200,1776708192322,132,132,false,false,216,,
2435,402545,200,1776708192322,131,131,false,false,216,,
2436,402546,200,1776708192322,131,131,false,false,216,,
2437,402547,200,1776708192322,131,131,false,false,216,,
2438,402548,200,1776708192322,131,131,false,false,216,,
2439,402549,200,1776708192322,131,131,false,false,216,,
2440,402550,200,1776708192322,131,131,false,false,216,,
2441,402551,200,1776708192322,131,131,false,false,216,,
2442,402552,200,1776708192386,147,147,false,false,216,,
2443,402553,200,1776708192457,144,144,false,false,216,,
2444,402554,200,1776708192457,144,144,false,false,216,,
2445,402555,200,1776708192455,146,146,false,false,216,,
2446,402556,200,1776708192456,146,146,false,false,216,,
2447,402557,200,1776708192456,145,145,false,false,216,,
2448,402558,200,1776708192456,145,145,false,false,216,,
2449,402559,200,1776708192456,146,146,false,false,216,,
2450,402560,200,1776708192457,145,145,false,false,216,,
2451,402561,200,1776708192457,144,144,false,false,216,,
2452,402562,200,1776708192535,134,134,false,false,216,,
2453,402563,200,1776708192605,130,130,false,false,216,,
2454,402564,200,1776708192604,131,131,false,false,216,,
2455,402565,200,1776708192605,130,130,false,false,216,,
2456,402566,200,1776708192606,192,192,false,false,216,,
2457,402567,200,1776708192603,131,131,false,false,216,,
2458,402568,200,1776708192605,129,129,false,false,216,,
2459,402569,200,1776708192605,129,129,false,false,216,,
2460,402570,200,1776708192604,130,130,false,false,216,,
2461,402571,200,1776708192606,128,128,false,false,216,,
2462,402572,200,1776708192670,199,199,false,false,216,,
2463,402573,200,1776708192737,133,133,false,false,216,,
2464,402574,200,1776708192736,134,134,false,false,216,,
2465,402575,200,1776708192737,132,132,false,false,216,,
2466,402576,200,1776708192737,132,132,false,false,216,,
2467,402577,200,1776708192736,133,133,false,false,216,,
2468,402578,200,1776708192737,133,133,false,false,216,,
2469,402579,200,1776708192736,133,133,false,false,216,,
2470,402580,200,1776708192738,132,132,false,false,216,,
2471,402581,200,1776708192799,134,134,false,false,216,,
2472,402582,200,1776708192871,126,126,false,false,216,,
2473,402583,200,1776708192872,125,125,false,false,216,,
2474,402584,200,1776708192873,124,124,false,false,216,,
2475,402585,200,1776708192872,125,125,false,false,216,,
2476,402586,200,1776708192872,125,125,false,false,216,,
2477,402587,200,1776708192873,125,125,false,false,216,,
2478,402588,200,1776708192873,124,124,false,false,216,,
2479,402589,200,1776708192873,124,124,false,false,216,,
2480,402590,200,1776708192874,191,191,false,false,216,,
2481,402591,200,1776708192935,130,130,false,false,216,,
2482,402592,200,1776708192999,131,131,false,false,216,,
2483,402593,200,1776708193000,195,195,false,false,216,,
2484,402594,200,1776708192999,131,131,false,false,216,,
2485,402595,200,1776708193000,130,130,false,false,216,,
2486,402596,200,1776708193000,130,130,false,false,216,,
2487,402597,200,1776708193000,130,130,false,false,216,,
2488,402598,200,1776708193000,130,130,false,false,216,,
2489,402599,200,1776708192999,131,131,false,false,216,,
2490,402600,200,1776708193067,197,197,false,false,216,,
2491,402601,200,1776708193066,197,197,false,false,216,,
2492,402602,200,1776708193133,131,131,false,false,216,,
2493,402603,504,1776708193132,131,132,false,false,216,,
2494,402604,200,1776708193132,132,132,false,false,216,,
2495,402605,200,1776708193133,130,130,false,false,216,,
2496,402606,200,1776708193132,131,131,false,false,216,,
2497,402607,200,1776708193134,130,130,false,false,216,,
2498,402608,200,1776708193133,131,131,false,false,216,,
2499,402609,200,1776708193197,139,139,false,false,216,,
2500,402610,200,1776708193267,134,134,false,false,216,,
2501,402611,200,1776708193266,135,135,false,false,216,,
2502,402612,200,1776708193267,207,207,false,false,216,,
2503,402613,200,1776708193265,136,136,false,false,216,,
2504,402614,200,1776708193266,135,135,false,false,216,,
2505,402615,200,1776708193267,134,134,false,false,216,,
2506,402616,200,1776708193267,207,207,false,false,216,,
2507,402617,200,1776708193267,207,207,false,false,216,,
2508,402618,200,1776708193266,135,135,false,false,216,,
2509,402619,200,1776708193338,251,251,false,false,216,,
2510,402620,200,1776708193404,185,185,false,false,216,,
2511,402621,200,1776708193403,186,186,false,false,216,,
2512,402622,200,1776708193403,186,186,false,false,216,,
2513,402623,200,1776708193404,185,185,false,false,216,,
2514,402624,200,1776708193403,186,186,false,false,216,,
2515,402625,200,1776708193404,185,185,false,false,216,,
2516,402626,200,1776708193476,200,200,false,false,216,,
2517,402627,200,1776708193477,263,263,false,false,216,,
2518,402628,200,1776708193476,264,264,false,false,216,,
2519,402629,200,1776708193591,150,150,false,false,216,,
2520,402630,200,1776708193591,149,149,false,false,216,,
2521,402631,200,1776708193592,213,213,false,false,216,,
2522,402632,200,1776708193592,148,148,false,false,216,,
2523,402633,200,1776708193591,149,149,false,false,216,,
2524,402634,200,1776708193591,149,149,false,false,216,,
2525,402635,200,1776708193592,148,148,false,false,216,,
2526,402636,200,1776708193678,197,197,false,false,216,,
2527,402637,200,1776708193742,133,133,false,false,216,,
2528,402638,200,1776708193742,132,132,false,false,216,,
2529,402639,200,1776708193742,133,133,false,false,216,,
2530,402640,200,1776708193743,132,132,false,false,216,,
2531,402641,200,1776708193743,133,133,false,false,216,,
2532,402642,200,1776708193743,132,132,false,false,216,,
2533,402643,200,1776708193743,132,132,false,false,216,,
2534,402644,200,1776708193744,132,132,false,false,216,,
2535,402645,200,1776708193808,147,147,false,false,216,,
2536,402646,200,1776708193876,134,134,false,false,216,,
2537,402647,200,1776708193879,192,192,false,false,216,,
2538,402648,200,1776708193879,191,191,false,false,216,,
2539,402649,200,1776708193877,134,134,false,false,216,,
2540,402650,200,1776708193878,133,133,false,false,216,,
2541,402651,200,1776708193878,133,133,false,false,216,,
2542,402652,200,1776708193878,133,133,false,false,216,,
2543,402653,200,1776708193879,132,132,false,false,216,,
2544,402654,200,1776708193877,134,134,false,false,216,,
2545,402655,200,1776708193957,180,180,false,false,216,,
2546,402656,200,1776708194014,123,123,false,false,216,,
2547,402657,200,1776708194013,124,124,false,false,216,,
2548,402658,200,1776708194013,123,123,false,false,216,,
2549,402659,200,1776708194013,123,123,false,false,216,,
2550,402660,200,1776708194013,124,124,false,false,216,,
2551,402661,200,1776708194014,123,123,false,false,216,,
2552,402662,200,1776708194014,187,187,false,false,216,,
2553,402663,200,1776708194072,129,129,false,false,216,,
2554,402664,200,1776708194072,198,198,false,false,216,,
2555,402665,200,1776708194139,132,132,false,false,216,,
2556,402666,200,1776708194139,132,132,false,false,216,,
2557,402667,200,1776708194138,133,133,false,false,216,,
2558,402668,200,1776708194140,131,131,false,false,216,,
2559,402669,200,1776708194138,132,132,false,false,216,,
2560,402670,200,1776708194139,132,132,false,false,216,,
2561,402671,200,1776708194140,131,131,false,false,216,,
2562,402672,200,1776708194202,225,225,false,false,216,,
2563,402673,200,1776708194203,157,157,false,false,216,,
2564,402674,200,1776708194273,155,155,false,false,216,,
2565,402675,200,1776708194274,153,153,false,false,216,,
2566,402676,200,1776708194273,154,154,false,false,216,,
2567,402677,200,1776708194275,153,153,false,false,216,,
2568,402678,200,1776708194273,154,154,false,false,216,,
2569,402679,200,1776708194274,153,153,false,false,216,,
2570,402680,200,1776708194274,153,153,false,false,216,,
2571,402681,200,1776708194275,153,153,false,false,216,,
2572,402682,200,1776708194361,132,132,false,false,216,,
2573,402683,200,1776708194430,129,129,false,false,216,,
2574,402684,200,1776708194429,130,130,false,false,216,,
2575,402685,200,1776708194429,130,130,false,false,216,,
2576,402686,200,1776708194430,129,129,false,false,216,,
2577,402687,200,1776708194431,128,128,false,false,216,,
2578,402688,200,1776708194429,130,130,false,false,216,,
2579,402689,200,1776708194431,129,129,false,false,216,,
2580,402690,200,1776708194431,128,128,false,false,216,,
2581,402691,200,1776708194431,192,192,false,false,216,,
2582,402692,200,1776708194495,128,128,false,false,216,,
2583,402693,200,1776708194561,133,133,false,false,216,,
2584,402694,200,1776708194562,132,132,false,false,216,,
2585,402695,200,1776708194561,132,132,false,false,216,,
2586,402696,200,1776708194562,132,132,false,false,216,,
2587,402697,200,1776708194561,132,132,false,false,216,,
2588,402698,200,1776708194562,131,131,false,false,216,,
2589,402699,200,1776708194563,131,131,false,false,216,,
2590,402700,200,1776708194562,131,131,false,false,216,,
2591,402701,200,1776708194624,133,133,false,false,216,,
2592,402702,200,1776708194625,198,198,false,false,216,,
2593,402703,200,1776708194696,127,127,false,false,216,,
2594,402704,200,1776708194696,127,127,false,false,216,,
2595,402705,200,1776708194695,127,127,false,false,216,,
2596,402706,200,1776708194697,126,126,false,false,216,,
2597,402707,200,1776708194697,126,126,false,false,216,,
2598,402708,200,1776708194695,127,127,false,false,216,,
2599,402709,200,1776708194696,127,127,false,false,216,,
2600,402710,200,1776708194696,126,126,false,false,216,,
2601,402711,200,1776708194759,144,144,false,false,216,,
2602,402712,200,1776708194826,133,133,false,false,216,,
2603,402713,200,1776708194825,134,134,false,false,216,,
2604,402714,200,1776708194825,134,134,false,false,216,,
2605,402715,200,1776708194827,132,132,false,false,216,,
2606,402716,200,1776708194826,133,133,false,false,216,,
2607,402717,200,1776708194826,132,132,false,false,216,,
2608,402718,200,1776708194826,132,132,false,false,216,,
2609,402719,200,1776708194827,132,132,false,false,216,,
2610,402720,200,1776708194827,181,181,false,false,216,,
2611,402721,200,1776708194905,858,858,false,false,216,,
2612,402722,200,1776708194961,802,802,false,false,216,,
2613,402723,200,1776708194960,803,803,false,false,216,,
2614,402724,200,1776708194962,802,802,false,false,216,,
2615,402725,200,1776708194961,803,803,false,false,216,,
2616,402726,200,1776708194961,802,802,false,false,216,,
2617,402727,200,1776708194962,801,801,false,false,216,,
2618,402728,200,1776708194962,703,703,false,false,216,,
2619,402729,200,1776708194962,801,801,false,false,216,,
2620,402730,200,1776708195010,753,753,false,false,216,,
2621,402731,200,1776708195667,161,161,false,false,216,,
2622,402732,200,1776708195765,119,119,false,false,216,,
2623,402733,200,1776708195766,118,118,false,false,216,,
2624,402734,504,1776708195766,118,118,false,false,216,,
2625,402735,200,1776708195767,117,117,false,false,216,,
2626,402736,200,1776708195766,118,118,false,false,216,,
2627,402737,200,1776708195766,117,117,false,false,216,,
2628,402738,200,1776708195767,117,117,false,false,216,,
2629,402739,200,1776708195765,118,118,false,false,216,,
2630,402740,200,1776708195767,186,186,false,false,216,,
2631,402741,200,1776708195829,124,124,false,false,216,,
2632,402742,200,1776708195886,136,136,false,false,216,,
2633,402743,200,1776708195887,134,134,false,false,216,,
2634,402744,200,1776708195886,136,136,false,false,216,,
2635,402745,200,1776708195886,135,136,false,false,216,,
2636,402746,200,1776708195887,135,135,false,false,216,,
2637,402747,200,1776708195886,135,135,false,false,216,,
2638,402748,200,1776708195887,134,134,false,false,216,,
2639,402749,200,1776708195887,134,134,false,false,216,,
2640,402750,200,1776708195955,199,199,false,false,216,,
2641,402751,200,1776708195955,146,146,false,false,216,,
2642,402752,200,1776708196023,130,130,false,false,216,,
2643,402753,200,1776708196023,131,131,false,false,216,,
2644,402754,200,1776708196024,129,129,false,false,216,,
2645,402755,200,1776708196023,130,131,false,false,216,,
2646,402756,200,1776708196023,130,130,false,false,216,,
2647,402757,200,1776708196024,188,188,false,false,216,,
2648,402758,200,1776708196024,130,130,false,false,216,,
2649,402759,200,1776708196024,187,187,false,false,216,,
2650,402760,200,1776708196102,184,184,false,false,216,,
2651,402761,200,1776708196156,131,131,false,false,216,,
2652,402762,200,1776708196155,131,131,false,false,216,,
2653,402763,200,1776708196155,131,131,false,false,216,,
2654,402764,200,1776708196156,130,130,false,false,216,,
2655,402765,200,1776708196156,131,131,false,false,216,,
2656,402766,200,1776708196156,130,130,false,false,216,,
2657,402767,200,1776708196157,130,130,false,false,216,,
2658,402768,200,1776708196214,201,202,false,false,216,,
2659,402769,200,1776708196213,137,137,false,false,216,,
2660,402770,200,1776708196288,127,127,false,false,216,,
2661,402771,200,1776708196289,126,126,false,false,216,,
2662,402772,200,1776708196289,127,127,false,false,216,,
2663,402773,200,1776708196288,127,127,false,false,216,,
2664,402774,200,1776708196289,126,126,false,false,216,,
2665,402775,200,1776708196289,126,126,false,false,216,,
2666,402776,200,1776708196290,192,192,false,false,216,,
2667,402777,200,1776708196288,127,127,false,false,216,,
2668,402778,200,1776708196352,198,198,false,false,216,,
2669,402779,200,1776708196417,133,133,false,false,216,,
2670,402780,200,1776708196418,132,132,false,false,216,,
2671,402781,200,1776708196418,132,132,false,false,216,,
2672,402782,200,1776708196418,132,132,false,false,216,,
2673,402783,200,1776708196417,132,132,false,false,216,,
2674,402784,200,1776708196418,132,132,false,false,216,,
2675,402785,200,1776708196419,131,131,false,false,216,,
2676,402786,200,1776708196419,131,131,false,false,216,,
2677,402787,200,1776708196483,130,130,false,false,216,,
2678,402788,200,1776708196551,127,127,false,false,216,,
2679,402789,200,1776708196552,126,126,false,false,216,,
2680,402790,200,1776708196554,194,194,false,false,216,,
2681,402791,200,1776708196552,127,127,false,false,216,,
2682,402792,200,1776708196552,126,126,false,false,216,,
2683,402793,200,1776708196552,126,126,false,false,216,,
2684,402794,200,1776708196553,125,125,false,false,216,,
2685,402795,200,1776708196553,195,195,false,false,216,,
2686,402796,200,1776708196553,194,194,false,false,216,,
2687,402797,200,1776708196615,132,132,false,false,216,,
2688,402798,200,1776708196680,136,136,false,false,216,,
2689,402799,200,1776708196680,136,136,false,false,216,,
2690,402800,504,1776708196681,135,135,false,false,216,,
2691,402801,200,1776708196681,135,135,false,false,216,,
2692,402802,200,1776708196680,135,135,false,false,216,,
2693,402803,200,1776708196681,135,135,false,false,216,,
2694,402804,200,1776708196750,199,199,false,false,216,,
2695,402805,200,1776708196749,131,131,false,false,216,,
2696,402806,200,1776708196750,199,199,false,false,216,,
2697,402807,200,1776708196749,200,200,false,false,216,,
2698,402808,200,1776708196818,132,132,false,false,216,,
2699,402809,200,1776708196818,132,132,false,false,216,,
2700,402810,200,1776708196817,132,132,false,false,216,,
2701,402811,200,1776708196818,131,131,false,false,216,,
2702,402812,200,1776708196817,132,132,false,false,216,,
2703,402813,200,1776708196818,131,131,false,false,216,,
2704,402814,200,1776708196881,134,134,false,false,216,,
2705,402815,200,1776708196951,129,129,false,false,216,,
2706,402816,200,1776708196951,129,129,false,false,216,,
2707,402817,200,1776708196953,191,191,false,false,216,,
2708,402818,200,1776708196953,128,128,false,false,216,,
2709,402819,200,1776708196951,129,129,false,false,216,,
2710,402820,200,1776708196952,129,129,false,false,216,,
2711,402821,200,1776708196952,128,128,false,false,216,,
2712,402822,200,1776708196952,128,128,false,false,216,,
2713,402823,200,1776708196953,192,192,false,false,216,,
2714,402824,200,1776708197017,197,197,false,false,216,,
2715,402825,200,1776708197083,131,131,false,false,216,,
2716,402826,200,1776708197083,131,131,false,false,216,,
2717,402827,200,1776708197084,130,130,false,false,216,,
2718,402828,200,1776708197082,132,132,false,false,216,,
2719,402829,200,1776708197082,132,132,false,false,216,,
2720,402830,200,1776708197083,130,130,false,false,216,,
2721,402831,200,1776708197084,130,130,false,false,216,,
2722,402832,200,1776708197146,133,133,false,false,216,,
2723,402833,200,1776708197148,199,199,false,false,216,,
2724,402834,200,1776708197217,131,131,false,false,216,,
2725,402835,200,1776708197215,132,132,false,false,216,,
2726,402836,200,1776708197216,132,132,false,false,216,,
2727,402837,200,1776708197217,130,130,false,false,216,,
2728,402838,200,1776708197217,131,131,false,false,216,,
2729,402839,200,1776708197216,131,131,false,false,216,,
2730,402840,200,1776708197216,132,132,false,false,216,,
2731,402841,200,1776708197217,131,131,false,false,216,,
2732,402842,200,1776708197280,132,132,false,false,216,,
2733,402843,200,1776708197350,126,126,false,false,216,,
2734,402844,200,1776708197349,127,127,false,false,216,,
2735,402845,200,1776708197350,126,126,false,false,216,,
2736,402846,200,1776708197351,125,125,false,false,216,,
2737,402847,200,1776708197351,125,125,false,false,216,,
2738,402848,200,1776708197351,125,125,false,false,216,,
2739,402849,200,1776708197350,126,126,false,false,216,,
2740,402850,200,1776708197351,124,124,false,false,216,,
2741,402851,200,1776708197352,188,189,false,false,216,,
2742,402852,200,1776708197414,127,127,false,false,216,,
2743,402853,200,1776708197478,133,133,false,false,216,,
2744,402854,200,1776708197479,132,132,false,false,216,,
2745,402855,200,1776708197479,132,132,false,false,216,,
2746,402856,200,1776708197478,133,133,false,false,216,,
2747,402857,200,1776708197478,133,133,false,false,216,,
2748,402858,200,1776708197478,133,133,false,false,216,,
2749,402859,200,1776708197479,133,133,false,false,216,,
2750,402860,200,1776708197478,133,133,false,false,216,,
2751,402861,200,1776708197542,216,216,false,false,216,,
2752,402862,200,1776708197542,149,149,false,false,216,,
2753,402863,200,1776708197614,145,145,false,false,216,,
2754,402864,200,1776708197613,145,145,false,false,216,,
2755,402865,200,1776708197614,144,144,false,false,216,,
2756,402866,200,1776708197613,145,145,false,false,216,,
2757,402867,200,1776708197614,144,144,false,false,216,,
2758,402868,200,1776708197613,145,145,false,false,216,,
2759,402869,200,1776708197614,144,144,false,false,216,,
2760,402870,200,1776708197615,144,144,false,false,216,,
2761,402871,200,1776708197693,130,130,false,false,216,,
2762,402872,200,1776708197760,128,128,false,false,216,,
2763,402873,200,1776708197762,189,189,false,false,216,,
2764,402874,200,1776708197761,126,126,false,false,216,,
2765,402875,200,1776708197762,126,126,false,false,216,,
2766,402876,200,1776708197760,127,127,false,false,216,,
2767,402877,200,1776708197761,126,126,false,false,216,,
2768,402878,200,1776708197761,126,126,false,false,216,,
2769,402879,200,1776708197761,126,126,false,false,216,,
2770,402880,200,1776708197760,127,127,false,false,216,,
2771,402881,200,1776708197824,127,128,false,false,216,,
2772,402882,200,1776708197889,120,120,false,false,216,,
2773,402883,200,1776708197890,120,120,false,false,216,,
2774,402884,200,1776708197890,119,119,false,false,216,,
2775,402885,200,1776708197890,119,119,false,false,216,,
2776,402886,200,1776708197890,119,119,false,false,216,,
2777,402887,200,1776708197891,119,119,false,false,216,,
2778,402888,200,1776708197891,182,182,false,false,216,,
2779,402889,200,1776708197889,120,120,false,false,216,,
2780,402890,200,1776708197953,120,120,false,false,216,,
2781,402891,200,1776708197953,188,188,false,false,216,,
2782,402892,200,1776708198012,129,129,false,false,216,,
2783,402893,200,1776708198011,130,130,false,false,216,,
2784,402894,200,1776708198011,130,130,false,false,216,,
2785,402895,200,1776708198012,129,129,false,false,216,,
2786,402896,200,1776708198012,129,129,false,false,216,,
2787,402897,200,1776708198012,129,129,false,false,216,,
2788,402898,200,1776708198011,130,130,false,false,216,,
2789,402899,200,1776708198074,146,146,false,false,216,,
2790,402900,200,1776708198075,214,214,false,false,216,,
2791,402901,200,1776708198143,146,146,false,false,216,,
2792,402902,200,1776708198143,145,145,false,false,216,,
2793,402903,200,1776708198143,146,146,false,false,216,,
2794,402904,200,1776708198144,144,144,false,false,216,,
2795,402905,200,1776708198144,145,145,false,false,216,,
2796,402906,200,1776708198144,145,145,false,false,216,,
2797,402907,200,1776708198144,144,144,false,false,216,,
2798,402908,200,1776708198144,145,145,false,false,216,,
2799,402909,200,1776708198222,133,133,false,false,216,,
2800,402910,200,1776708198289,132,132,false,false,216,,
2801,402911,200,1776708198290,132,132,false,false,216,,
2802,402912,200,1776708198290,132,132,false,false,216,,
2803,402913,200,1776708198290,132,132,false,false,216,,
2804,402914,200,1776708198290,132,132,false,false,216,,
2805,402915,200,1776708198290,132,132,false,false,216,,
2806,402916,200,1776708198290,132,132,false,false,216,,
2807,402917,200,1776708198290,132,132,false,false,216,,
2808,402918,200,1776708198290,132,132,false,false,216,,
2809,402919,200,1776708198356,130,130,false,false,216,,
2810,402920,200,1776708198423,131,131,false,false,216,,
2811,402921,200,1776708198423,131,131,false,false,216,,
2812,402922,200,1776708198423,130,130,false,false,216,,
2813,402923,200,1776708198423,131,131,false,false,216,,
2814,402924,200,1776708198423,131,131,false,false,216,,
2815,402925,200,1776708198423,131,131,false,false,216,,
2816,402926,200,1776708198423,130,130,false,false,216,,
2817,402927,200,1776708198424,130,130,false,false,216,,
2818,402928,200,1776708198424,130,130,false,false,216,,
2819,402929,200,1776708198488,136,136,false,false,216,,
2820,402930,200,1776708198555,135,135,false,false,216,,
2821,402931,200,1776708198557,134,134,false,false,216,,
2822,402932,200,1776708198558,133,133,false,false,216,,
2823,402933,200,1776708198557,134,134,false,false,216,,
2824,402934,200,1776708198558,133,133,false,false,216,,
2825,402935,200,1776708198557,134,135,false,false,216,,
2826,402936,200,1776708198556,135,135,false,false,216,,
2827,402937,200,1776708198556,135,135,false,false,216,,
2828,402938,200,1776708198558,133,133,false,false,216,,
2829,402939,200,1776708198625,132,132,false,false,216,,
2830,402940,200,1776708198692,132,132,false,false,216,,
2831,402941,200,1776708198694,131,131,false,false,216,,
2832,402942,200,1776708198693,132,132,false,false,216,,
2833,402943,200,1776708198693,132,132,false,false,216,,
2834,402944,200,1776708198693,132,132,false,false,216,,
2835,402945,200,1776708198694,131,131,false,false,216,,
2836,402946,200,1776708198694,131,131,false,false,216,,
2837,402947,200,1776708198694,130,130,false,false,216,,
2838,402948,200,1776708198695,130,130,false,false,216,,
2839,402949,200,1776708198759,200,200,false,false,216,,
2840,402950,200,1776708198826,133,133,false,false,216,,
2841,402951,200,1776708198828,131,131,false,false,216,,
2842,402952,200,1776708198827,132,132,false,false,216,,
2843,402953,200,1776708198829,130,130,false,false,216,,
2844,402954,200,1776708198828,131,131,false,false,216,,
2845,402955,200,1776708198828,131,131,false,false,216,,
2846,402956,200,1776708198829,194,194,false,false,216,,
2847,402957,200,1776708198828,83,83,false,false,216,,
2848,402958,200,1776708198828,131,131,false,false,216,,
2849,402959,200,1776708198912,174,174,false,false,216,,
2850,402960,200,1776708198962,125,125,false,false,216,,
2851,402961,200,1776708198962,125,125,false,false,216,,
2852,402962,200,1776708198962,125,125,false,false,216,,
2853,402963,200,1776708198961,126,126,false,false,216,,
2854,402964,200,1776708198961,126,126,false,false,216,,
2855,402965,200,1776708198963,124,124,false,false,216,,
2856,402966,200,1776708198961,125,125,false,false,216,,
2857,402967,200,1776708198963,188,188,false,false,216,,
2858,402968,200,1776708199024,196,196,false,false,216,,
2859,402969,200,1776708199088,132,132,false,false,216,,
2860,402970,200,1776708199090,130,130,false,false,216,,
2861,402971,200,1776708199089,131,131,false,false,216,,
2862,402972,200,1776708199090,130,130,false,false,216,,
2863,402973,200,1776708199089,131,131,false,false,216,,
2864,402974,200,1776708199090,131,131,false,false,216,,
2865,402975,200,1776708199090,131,131,false,false,216,,
2866,402976,200,1776708199090,130,130,false,false,216,,
2867,402977,200,1776708199152,131,131,false,false,216,,
2868,402978,200,1776708199222,131,131,false,false,216,,
2869,402979,200,1776708199223,130,130,false,false,216,,
2870,402980,200,1776708199222,131,131,false,false,216,,
2871,402981,200,1776708199223,130,130,false,false,216,,
2872,402982,200,1776708199223,130,130,false,false,216,,
2873,402983,200,1776708199224,130,130,false,false,216,,
2874,402984,200,1776708199224,130,130,false,false,216,,
2875,402985,200,1776708199224,195,196,false,false,216,,
2876,402986,200,1776708199224,129,129,false,false,216,,
2877,402987,200,1776708199285,135,135,false,false,216,,
2878,402988,200,1776708199356,131,131,false,false,216,,
2879,402989,200,1776708199355,131,131,false,false,216,,
2880,402990,200,1776708199356,130,130,false,false,216,,
2881,402991,200,1776708199356,131,131,false,false,216,,
2882,402992,200,1776708199356,131,131,false,false,216,,
2883,402993,200,1776708199356,130,130,false,false,216,,
2884,402994,200,1776708199356,130,130,false,false,216,,
2885,402995,200,1776708199357,130,130,false,false,216,,
2886,402996,200,1776708199421,129,129,false,false,216,,
2887,402997,200,1776708199422,198,198,false,false,216,,
2888,402998,200,1776708199488,131,131,false,false,216,,
2889,402999,200,1776708199488,132,132,false,false,216,,
2890,403000,200,1776708199489,131,131,false,false,216,,
2891,403001,200,1776708199489,131,131,false,false,216,,
2892,403002,200,1776708199490,130,132,false,false,216,,
2893,403003,200,1776708199489,131,131,false,false,216,,
2894,403004,200,1776708199490,130,130,false,false,216,,
2895,403005,200,1776708199490,133,133,false,false,216,,
2896,403006,200,1776708199552,135,135,false,false,216,,
2897,403007,200,1776708199622,130,130,false,false,216,,
2898,403008,200,1776708199623,129,129,false,false,216,,
2899,403009,200,1776708199623,193,193,false,false,216,,
2900,403010,200,1776708199622,130,130,false,false,216,,
2901,403011,200,1776708199621,130,130,false,false,216,,
2902,403012,200,1776708199622,129,129,false,false,216,,
2903,403013,200,1776708199623,129,129,false,false,216,,
2904,403014,200,1776708199624,192,192,false,false,216,,
2905,403015,200,1776708199624,192,192,false,false,216,,
2906,403016,200,1776708199689,196,196,false,false,216,,
2907,403017,200,1776708199754,131,131,false,false,216,,
2908,403018,200,1776708199754,131,131,false,false,216,,
2909,403019,200,1776708199753,131,131,false,false,216,,
2910,403020,200,1776708199753,132,132,false,false,216,,
2911,403021,200,1776708199753,132,132,false,false,216,,
2912,403022,200,1776708199754,131,131,false,false,216,,
2913,403023,200,1776708199817,132,132,false,false,216,,
2914,403024,200,1776708199818,201,201,false,false,216,,
2915,403025,200,1776708199817,202,202,false,false,216,,
2916,403026,200,1776708199886,133,133,false,false,216,,
2917,403027,200,1776708199887,132,132,false,false,216,,
2918,403028,200,1776708199888,132,132,false,false,216,,
2919,403029,200,1776708199887,133,133,false,false,216,,
2920,403030,200,1776708199887,132,132,false,false,216,,
2921,403031,200,1776708199887,132,132,false,false,216,,
2922,403032,200,1776708199888,132,132,false,false,216,,
2923,403033,200,1776708199950,135,135,false,false,216,,
2924,403034,200,1776708200022,176,176,false,false,216,,
2925,403035,200,1776708200021,150,150,false,false,216,,
2926,403036,200,1776708200022,176,176,false,false,216,,
2927,403037,200,1776708200022,176,176,false,false,216,,
2928,403038,200,1776708200022,175,175,false,false,216,,
2929,403039,200,1776708200022,175,175,false,false,216,,
2930,403040,200,1776708200023,175,175,false,false,216,,
2931,403041,200,1776708200023,175,175,false,false,216,,
2932,403042,200,1776708200023,175,175,false,false,216,,
2933,403043,200,1776708200087,179,179,false,false,216,,
2934,403044,200,1776708200172,160,160,false,false,216,,
2935,403045,200,1776708200200,132,132,false,false,216,,
2936,403046,200,1776708200200,133,133,false,false,216,,
2937,403047,200,1776708200200,133,133,false,false,216,,
2938,403048,200,1776708200200,133,133,false,false,216,,
2939,403049,200,1776708200201,132,132,false,false,216,,
2940,403050,200,1776708200201,132,132,false,false,216,,
2941,403051,200,1776708200200,132,132,false,false,216,,
2942,403052,200,1776708200200,132,132,false,false,216,,
2943,403053,200,1776708200267,149,149,false,false,216,,
2944,403054,200,1776708200334,132,132,false,false,216,,
2945,403055,200,1776708200335,132,132,false,false,216,,
2946,403056,200,1776708200336,131,131,false,false,216,,
2947,403057,200,1776708200335,131,131,false,false,216,,
2948,403058,200,1776708200335,131,131,false,false,216,,
2949,403059,200,1776708200335,132,132,false,false,216,,
2950,403060,200,1776708200336,130,130,false,false,216,,
2951,403061,200,1776708200336,192,192,false,false,216,,
2952,403062,200,1776708200336,192,192,false,false,216,,
2953,403063,200,1776708200418,182,182,false,false,216,,
2954,403064,200,1776708200469,131,131,false,false,216,,
2955,403065,200,1776708200468,132,132,false,false,216,,
2956,403066,200,1776708200469,131,131,false,false,216,,
2957,403067,200,1776708200468,132,132,false,false,216,,
2958,403068,200,1776708200470,130,130,false,false,216,,
2959,403069,200,1776708200469,131,131,false,false,216,,
2960,403070,200,1776708200469,131,131,false,false,216,,
2961,403071,200,1776708200530,120,120,false,false,216,,
2962,403072,200,1776708200530,160,160,false,false,216,,
2963,403073,200,1776708200601,132,132,false,false,216,,
2964,403074,200,1776708200603,130,130,false,false,216,,
2965,403075,200,1776708200602,131,131,false,false,216,,
2966,403076,200,1776708200602,131,131,false,false,216,,
2967,403077,200,1776708200603,130,130,false,false,216,,
2968,403078,200,1776708200602,130,130,false,false,216,,
2969,403079,200,1776708200603,130,130,false,false,216,,
2970,403080,200,1776708200603,130,130,false,false,216,,
2971,403081,200,1776708200651,146,146,false,false,216,,
2972,403082,200,1776708200691,175,175,false,false,216,,
2973,403083,200,1776708200736,131,131,false,false,216,,
2974,403084,200,1776708200734,132,132,false,false,216,,
2975,403085,200,1776708200735,132,132,false,false,216,,
2976,403086,200,1776708200735,132,132,false,false,216,,
2977,403087,200,1776708200735,132,132,false,false,216,,
2978,403088,200,1776708200736,131,131,false,false,216,,
2979,403089,200,1776708200735,132,132,false,false,216,,
2980,403090,200,1776708200736,131,131,false,false,216,,
2981,403091,200,1776708200799,135,135,false,false,216,,
2982,403092,200,1776708200869,130,130,false,false,216,,
2983,403093,200,1776708200870,129,129,false,false,216,,
2984,403094,200,1776708200870,129,129,false,false,216,,
2985,403095,200,1776708200870,129,129,false,false,216,,
2986,403096,200,1776708200869,130,130,false,false,216,,
2987,403097,200,1776708200869,130,130,false,false,216,,
2988,403098,200,1776708200870,129,129,false,false,216,,
2989,403099,200,1776708200871,128,128,false,false,216,,
2990,403100,200,1776708200872,190,190,false,false,216,,
2991,403101,200,1776708200936,198,198,false,false,216,,
2992,403102,200,1776708201001,132,132,false,false,216,,
2993,403103,200,1776708201002,131,131,false,false,216,,
2994,403104,200,1776708201001,132,132,false,false,216,,
2995,403105,200,1776708201002,131,131,false,false,216,,
2996,403106,200,1776708201001,132,132,false,false,216,,
2997,403107,200,1776708201003,131,131,false,false,216,,
2998,403108,200,1776708201003,131,131,false,false,216,,
2999,403109,200,1776708201003,130,130,false,false,216,,
3000,403110,200,1776708201064,135,135,false,false,216,,
3001,403111,200,1776708201135,128,128,false,false,216,,
3002,403112,200,1776708201136,128,128,false,false,216,,
3003,403113,200,1776708201135,128,128,false,false,216,,
3004,403114,200,1776708201136,127,127,false,false,216,,
3005,403115,200,1776708201136,127,127,false,false,216,,
3006,403116,200,1776708201137,190,190,false,false,216,,
3007,403117,200,1776708201137,190,190,false,false,216,,
3008,403118,200,1776708201136,127,127,false,false,216,,
3009,403119,200,1776708201137,126,126,false,false,216,,
3010,403120,200,1776708201200,195,195,false,false,216,,
3011,403121,200,1776708201265,130,130,false,false,216,,
3012,403122,200,1776708201265,130,130,false,false,216,,
3013,403123,200,1776708201265,130,130,false,false,216,,
3014,403124,200,1776708201264,130,131,false,false,216,,
3015,403125,200,1776708201265,130,130,false,false,216,,
3016,403126,504,1776708201265,130,130,false,false,216,,
3017,403127,200,1776708201264,130,130,false,false,216,,
3018,403128,200,1776708201328,130,130,false,false,216,,
3019,403129,200,1776708201328,198,198,false,false,216,,
3020,403130,200,1776708201396,130,130,false,false,216,,
3021,403131,200,1776708201396,130,130,false,false,216,,
3022,403132,200,1776708201396,130,130,false,false,216,,
3023,403133,200,1776708201396,130,130,false,false,216,,
3024,403134,200,1776708201396,130,130,false,false,216,,
3025,403135,200,1776708201396,130,130,false,false,216,,
3026,403136,200,1776708201396,130,130,false,false,216,,
3027,403137,200,1776708201396,130,130,false,false,216,,
3028,403138,200,1776708201460,200,200,false,false,216,,
3029,403139,200,1776708201527,132,132,false,false,216,,
3030,403140,200,1776708201528,131,131,false,false,216,,
3031,403141,200,1776708201529,130,130,false,false,216,,
3032,403142,200,1776708201528,131,131,false,false,216,,
3033,403143,200,1776708201530,188,188,false,false,216,,
3034,403144,200,1776708201529,131,131,false,false,216,,
3035,403145,200,1776708201528,83,83,false,false,216,,
3036,403146,200,1776708201529,131,131,false,false,216,,
3037,403147,200,1776708201529,130,130,false,false,216,,
3038,403148,200,1776708201612,170,170,false,false,216,,
3039,403149,200,1776708201662,120,120,false,false,216,,
3040,403150,200,1776708201661,121,121,false,false,216,,
3041,403151,200,1776708201662,120,120,false,false,216,,
3042,403152,200,1776708201663,188,188,false,false,216,,
3043,403153,200,1776708201663,188,188,false,false,216,,
3044,403154,200,1776708201662,119,119,false,false,216,,
3045,403155,200,1776708201662,120,120,false,false,216,,
3046,403156,200,1776708201661,121,121,false,false,216,,
3047,403157,200,1776708201719,132,132,false,false,216,,
3048,403158,200,1776708201783,136,136,false,false,216,,
3049,403159,200,1776708201784,135,135,false,false,216,,
3050,403160,200,1776708201784,135,135,false,false,216,,
3051,403161,200,1776708201785,134,134,false,false,216,,
3052,403162,200,1776708201785,134,134,false,false,216,,
3053,403163,200,1776708201784,135,135,false,false,216,,
3054,403164,200,1776708201785,134,134,false,false,216,,
3055,403165,200,1776708201852,131,131,false,false,216,,
3056,403166,200,1776708201853,196,196,false,false,216,,
3057,403167,200,1776708201853,196,196,false,false,216,,
3058,403168,200,1776708201922,343,343,false,false,216,,
3059,403169,200,1776708201921,128,128,false,false,216,,
3060,403170,200,1776708201921,128,128,false,false,216,,
3061,403171,200,1776708201922,274,274,false,false,216,,
3062,403172,200,1776708201921,128,128,false,false,216,,
3063,403173,200,1776708201922,342,342,false,false,216,,
3064,403174,200,1776708201922,342,342,false,false,216,,
3065,403175,200,1776708201985,279,279,false,false,216,,
3066,403176,200,1776708202051,214,214,false,false,216,,
3067,403177,200,1776708202051,213,213,false,false,216,,
3068,403178,200,1776708202051,213,213,false,false,216,,
3069,403179,200,1776708202051,213,213,false,false,216,,
3070,403180,200,1776708202052,213,213,false,false,216,,
3071,403181,200,1776708202198,133,133,false,false,216,,
3072,403182,200,1776708202267,130,130,false,false,216,,
3073,403183,200,1776708202266,130,130,false,false,216,,
3074,403184,200,1776708202268,129,129,false,false,216,,
3075,403185,200,1776708202267,129,129,false,false,216,,
3076,403186,200,1776708202267,130,130,false,false,216,,
3077,403187,200,1776708202268,129,129,false,false,216,,
3078,403188,200,1776708202267,130,130,false,false,216,,
3079,403189,200,1776708202266,130,130,false,false,216,,
3080,403190,200,1776708202268,192,192,false,false,216,,
3081,403191,200,1776708202333,197,197,false,false,216,,
3082,403192,200,1776708202399,131,131,false,false,216,,
3083,403193,200,1776708202399,131,131,false,false,216,,
3084,403194,200,1776708202399,131,131,false,false,216,,
3085,403195,200,1776708202400,130,130,false,false,216,,
3086,403196,200,1776708202398,132,132,false,false,216,,
3087,403197,200,1776708202398,132,132,false,false,216,,
3088,403198,200,1776708202400,130,130,false,false,216,,
3089,403199,200,1776708202400,130,130,false,false,216,,
3090,403200,200,1776708202462,135,135,false,false,216,,
3091,403201,200,1776708202532,129,129,false,false,216,,
3092,403202,200,1776708202532,130,130,false,false,216,,
3093,403203,200,1776708202534,192,192,false,false,216,,
3094,403204,200,1776708202533,128,128,false,false,216,,
3095,403205,200,1776708202533,129,129,false,false,216,,
3096,403206,200,1776708202532,129,129,false,false,216,,
3097,403207,200,1776708202532,129,129,false,false,216,,
3098,403208,200,1776708202533,128,128,false,false,216,,
3099,403209,200,1776708202533,192,192,false,false,216,,
3100,403210,200,1776708202598,197,197,false,false,216,,
3101,403211,200,1776708202663,131,131,false,false,216,,
3102,403212,200,1776708202664,131,131,false,false,216,,
3103,403213,200,1776708202664,130,130,false,false,216,,
3104,403214,200,1776708202664,131,131,false,false,216,,
3105,403215,200,1776708202663,132,132,false,false,216,,
3106,403216,200,1776708202663,131,131,false,false,216,,
3107,403217,200,1776708202664,130,130,false,false,216,,
3108,403218,200,1776708202727,131,131,false,false,216,,
3109,403219,200,1776708202727,201,201,false,false,216,,
3110,403220,200,1776708202797,131,131,false,false,216,,
3111,403221,200,1776708202797,132,132,false,false,216,,
3112,403222,200,1776708202796,132,132,false,false,216,,
3113,403223,200,1776708202796,133,133,false,false,216,,
3114,403224,200,1776708202797,132,132,false,false,216,,
3115,403225,200,1776708202797,131,131,false,false,216,,
3116,403226,200,1776708202798,131,131,false,false,216,,
3117,403227,200,1776708202798,131,131,false,false,216,,
3118,403228,200,1776708202860,202,202,false,false,216,,
3119,403229,200,1776708202930,132,132,false,false,216,,
3120,403230,200,1776708202931,131,131,false,false,216,,
3121,403231,200,1776708202932,130,130,false,false,216,,
3122,403232,200,1776708202933,189,189,false,false,216,,
3123,403233,200,1776708202931,131,131,false,false,216,,
3124,403234,200,1776708202931,131,131,false,false,216,,
3125,403235,200,1776708202932,130,130,false,false,216,,
3126,403236,200,1776708202932,189,189,false,false,216,,
3127,403237,200,1776708202932,84,84,false,false,216,,
3128,403238,200,1776708203018,184,184,false,false,216,,
3129,403239,200,1776708203064,173,173,false,false,216,,
3130,403240,200,1776708203064,174,174,false,false,216,,
3131,403241,200,1776708203065,173,173,false,false,216,,
3132,403242,200,1776708203064,174,174,false,false,216,,
3133,403243,200,1776708203064,174,174,false,false,216,,
3134,403244,200,1776708203065,173,173,false,false,216,,
3135,403245,200,1776708203063,174,174,false,false,216,,
3136,403246,200,1776708203123,179,179,false,false,216,,
3137,403247,200,1776708203123,179,179,false,false,216,,
3138,403248,200,1776708203203,168,168,false,false,216,,
3139,403249,200,1776708203239,132,132,false,false,216,,
3140,403250,200,1776708203239,132,132,false,false,216,,
3141,403251,200,1776708203240,131,131,false,false,216,,
3142,403252,200,1776708203240,130,131,false,false,216,,
3143,403253,200,1776708203241,130,130,false,false,216,,
3144,403254,200,1776708203241,131,131,false,false,216,,
3145,403255,200,1776708203240,131,131,false,false,216,,
3146,403256,200,1776708203303,147,148,false,false,216,,
3147,403257,200,1776708203303,215,215,false,false,216,,
3148,403258,200,1776708203373,145,145,false,false,216,,
3149,403259,200,1776708203373,145,145,false,false,216,,
3150,403260,200,1776708203374,143,143,false,false,216,,
3151,403261,200,1776708203373,144,144,false,false,216,,
3152,403262,200,1776708203373,144,144,false,false,216,,
3153,403263,200,1776708203374,144,144,false,false,216,,
3154,403264,200,1776708203374,144,144,false,false,216,,
3155,403265,200,1776708203374,143,143,false,false,216,,
3156,403266,200,1776708203452,146,147,false,false,216,,
3157,403267,200,1776708203520,132,132,false,false,216,,
3158,403268,200,1776708203521,131,131,false,false,216,,
3159,403269,200,1776708203522,131,131,false,false,216,,
3160,403270,200,1776708203522,190,190,false,false,216,,
3161,403271,200,1776708203521,131,131,false,false,216,,
3162,403272,200,1776708203520,133,133,false,false,216,,
3163,403273,200,1776708203521,132,132,false,false,216,,
3164,403274,200,1776708203522,131,131,false,false,216,,
3165,403275,200,1776708203522,130,130,false,false,216,,
3166,403276,200,1776708203600,187,187,false,false,216,,
3167,403277,200,1776708203655,132,132,false,false,216,,
3168,403278,200,1776708203654,133,133,false,false,216,,
3169,403279,200,1776708203656,130,130,false,false,216,,
3170,403280,200,1776708203655,132,132,false,false,216,,
3171,403281,200,1776708203655,131,131,false,false,216,,
3172,403282,200,1776708203656,131,131,false,false,216,,
3173,403283,200,1776708203654,132,132,false,false,216,,
3174,403284,200,1776708203656,131,131,false,false,216,,
3175,403285,200,1776708203714,140,140,false,false,216,,
3176,403286,200,1776708203788,130,130,false,false,216,,
3177,403287,200,1776708203790,128,128,false,false,216,,
3178,403288,200,1776708203790,128,128,false,false,216,,
3179,403289,200,1776708203791,192,192,false,false,216,,
3180,403290,200,1776708203790,128,128,false,false,216,,
3181,403291,200,1776708203789,129,129,false,false,216,,
3182,403292,200,1776708203790,128,128,false,false,216,,
3183,403293,200,1776708203789,129,129,false,false,216,,
3184,403294,200,1776708203789,129,129,false,false,216,,
3185,403295,200,1776708203855,434,434,false,false,216,,
3186,403296,200,1776708203922,368,368,false,false,216,,
3187,403297,200,1776708203920,369,369,false,false,216,,
3188,403298,200,1776708203921,368,368,false,false,216,,
3189,403299,200,1776708203921,369,369,false,false,216,,
3190,403300,200,1776708203921,368,368,false,false,216,,
3191,403301,200,1776708203920,369,369,false,false,216,,
3192,403302,200,1776708203922,368,368,false,false,216,,
3193,403303,200,1776708203922,367,367,false,false,216,,
3194,403304,200,1776708203984,505,505,false,false,216,,
3195,403305,200,1776708204290,83,83,false,false,216,,
3196,403306,200,1776708204290,198,198,false,false,216,,
3197,403307,200,1776708204291,581,581,false,false,216,,
3198,403308,200,1776708204291,198,198,false,false,216,,
3199,403309,200,1776708204290,198,198,false,false,216,,
3200,403310,200,1776708204291,198,198,false,false,216,,
3201,403311,200,1776708204291,198,198,false,false,216,,
3202,403312,200,1776708204291,198,198,false,false,216,,
3203,403313,200,1776708204290,198,198,false,false,216,,
3204,403314,200,1776708204374,497,497,false,false,216,,
3205,403315,200,1776708204490,382,382,false,false,216,,
3206,403316,200,1776708204490,381,381,false,false,216,,
3207,403317,200,1776708204491,380,380,false,false,216,,
3208,403318,200,1776708204491,380,380,false,false,216,,
3209,403319,200,1776708204491,381,381,false,false,216,,
3210,403320,200,1776708204490,313,313,false,false,216,,
3211,403321,200,1776708204491,381,381,false,false,216,,
3212,403322,200,1776708204491,381,381,false,false,216,,
3213,403323,200,1776708204805,133,133,false,false,216,,
3214,403324,200,1776708204873,130,130,false,false,216,,
3215,403325,200,1776708204874,130,130,false,false,216,,
3216,403326,200,1776708204874,129,129,false,false,216,,
3217,403327,200,1776708204875,128,128,false,false,216,,
3218,403328,200,1776708204875,128,128,false,false,216,,
3219,403329,200,1776708204874,129,129,false,false,216,,
3220,403330,200,1776708204874,129,129,false,false,216,,
3221,403331,200,1776708204875,128,128,false,false,216,,
3222,403332,200,1776708204876,191,191,false,false,216,,
3223,403333,200,1776708204940,196,196,false,false,216,,
3224,403334,200,1776708205004,132,132,false,false,216,,
3225,403335,200,1776708205004,132,132,false,false,216,,
3226,403336,200,1776708205004,132,132,false,false,216,,
3227,403337,200,1776708205004,132,132,false,false,216,,
3228,403338,200,1776708205005,132,132,false,false,216,,
3229,403339,200,1776708205005,132,132,false,false,216,,
3230,403340,200,1776708205005,200,200,false,false,216,,
3231,403341,200,1776708205005,200,200,false,false,216,,
3232,403342,200,1776708205068,137,137,false,false,216,,
3233,403343,200,1776708205138,185,185,false,false,216,,
3234,403344,200,1776708205138,184,184,false,false,216,,
3235,403345,200,1776708205139,184,184,false,false,216,,
3236,403346,200,1776708205139,184,184,false,false,216,,
3237,403347,200,1776708205139,184,184,false,false,216,,
3238,403348,200,1776708205138,185,185,false,false,216,,
3239,403349,200,1776708205139,184,184,false,false,216,,
3240,403350,200,1776708205207,264,264,false,false,216,,
3241,403351,200,1776708205207,197,197,false,false,216,,
3242,403352,200,1776708205207,264,264,false,false,216,,
3243,403353,200,1776708205326,145,145,false,false,216,,
3244,403354,200,1776708205326,145,145,false,false,216,,
3245,403355,200,1776708205325,146,146,false,false,216,,
3246,403356,200,1776708205325,146,146,false,false,216,,
3247,403357,200,1776708205326,145,145,false,false,216,,
3248,403358,200,1776708205324,147,147,false,false,216,,
3249,403359,200,1776708205325,146,146,false,false,216,,
3250,403360,200,1776708205405,147,147,false,false,216,,
3251,403361,200,1776708205473,132,132,false,false,216,,
3252,403362,200,1776708205475,194,194,false,false,216,,
3253,403363,200,1776708205473,132,132,false,false,216,,
3254,403364,200,1776708205473,132,132,false,false,216,,
3255,403365,200,1776708205474,131,131,false,false,216,,
3256,403366,200,1776708205474,131,131,false,false,216,,
3257,403367,200,1776708205474,131,131,false,false,216,,
3258,403368,200,1776708205474,195,195,false,false,216,,
3259,403369,200,1776708205475,194,194,false,false,216,,
3260,403370,200,1776708205553,186,186,false,false,216,,
3261,403371,200,1776708205607,131,131,false,false,216,,
3262,403372,200,1776708205606,132,132,false,false,216,,
3263,403373,200,1776708205607,132,132,false,false,216,,
3264,403374,200,1776708205607,132,132,false,false,216,,
3265,403375,200,1776708205608,131,131,false,false,216,,
3266,403376,200,1776708205608,131,131,false,false,216,,
3267,403377,200,1776708205670,133,133,false,false,216,,
3268,403378,200,1776708205671,201,201,false,false,216,,
3269,403379,200,1776708205671,201,201,false,false,216,,
3270,403380,200,1776708205740,132,132,false,false,216,,
3271,403381,200,1776708205741,132,132,false,false,216,,
3272,403382,200,1776708205741,131,131,false,false,216,,
3273,403383,200,1776708205741,131,131,false,false,216,,
3274,403384,200,1776708205741,131,131,false,false,216,,
3275,403385,200,1776708205742,130,131,false,false,216,,
3276,403386,200,1776708205742,130,130,false,false,216,,
3277,403387,200,1776708205805,131,131,false,false,216,,
3278,403388,200,1776708205874,127,127,false,false,216,,
3279,403389,200,1776708205874,127,127,false,false,216,,
3280,403390,200,1776708205875,125,125,false,false,216,,
3281,403391,200,1776708205874,126,126,false,false,216,,
3282,403392,200,1776708205874,126,126,false,false,216,,
3283,403393,200,1776708205875,126,126,false,false,216,,
3284,403394,200,1776708205875,126,126,false,false,216,,
3285,403395,200,1776708205875,193,193,false,false,216,,
3286,403396,200,1776708205876,193,193,false,false,216,,
3287,403397,200,1776708205937,131,131,false,false,216,,
3288,403398,200,1776708206003,132,132,false,false,216,,
3289,403399,200,1776708206003,131,132,false,false,216,,
3290,403400,200,1776708206003,131,131,false,false,216,,
3291,403401,200,1776708206003,132,132,false,false,216,,
3292,403402,200,1776708206002,132,132,false,false,216,,
3293,403403,200,1776708206002,132,132,false,false,216,,
3294,403404,200,1776708206004,131,131,false,false,216,,
3295,403405,200,1776708206070,198,198,false,false,216,,
3296,403406,200,1776708206070,129,129,false,false,216,,
3297,403407,200,1776708206071,198,198,false,false,216,,
3298,403408,200,1776708206138,131,131,false,false,216,,
3299,403409,200,1776708206137,131,132,false,false,216,,
3300,403410,200,1776708206136,133,133,false,false,216,,
3301,403411,200,1776708206138,195,195,false,false,216,,
3302,403412,200,1776708206137,131,131,false,false,216,,
3303,403413,200,1776708206136,132,132,false,false,216,,
3304,403414,200,1776708206137,131,131,false,false,216,,
3305,403415,200,1776708206200,202,202,false,false,216,,
3306,403416,200,1776708206270,133,133,false,false,216,,
3307,403417,200,1776708206271,131,131,false,false,216,,
3308,403418,200,1776708206271,132,132,false,false,216,,
3309,403419,200,1776708206271,131,131,false,false,216,,
3310,403420,200,1776708206271,131,131,false,false,216,,
3311,403421,200,1776708206270,132,132,false,false,216,,
3312,403422,200,1776708206272,131,131,false,false,216,,
3313,403423,200,1776708206270,132,132,false,false,216,,
3314,403424,200,1776708206334,136,136,false,false,216,,
3315,403425,200,1776708206405,129,129,false,false,216,,
3316,403426,200,1776708206405,130,130,false,false,216,,
3317,403427,200,1776708206404,130,130,false,false,216,,
3318,403428,200,1776708206405,129,129,false,false,216,,
3319,403429,200,1776708206405,130,130,false,false,216,,
3320,403430,200,1776708206406,129,129,false,false,216,,
3321,403431,200,1776708206406,193,193,false,false,216,,
3322,403432,200,1776708206406,193,193,false,false,216,,
3323,403433,200,1776708206404,130,130,false,false,216,,
3324,403434,200,1776708206471,197,197,false,false,216,,
3325,403435,200,1776708206537,131,132,false,false,216,,
3326,403436,200,1776708206536,132,132,false,false,216,,
3327,403437,200,1776708206536,133,133,false,false,216,,
3328,403438,200,1776708206536,133,133,false,false,216,,
3329,403439,200,1776708206537,132,132,false,false,216,,
3330,403440,200,1776708206537,131,131,false,false,216,,
3331,403441,200,1776708206536,132,132,false,false,216,,
3332,403442,200,1776708206600,132,132,false,false,216,,
3333,403443,200,1776708206601,202,202,false,false,216,,
3334,403444,200,1776708206670,133,133,false,false,216,,
3335,403445,200,1776708206670,132,132,false,false,216,,
3336,403446,200,1776708206672,130,130,false,false,216,,
3337,403447,200,1776708206671,132,132,false,false,216,,
3338,403448,200,1776708206670,132,132,false,false,216,,
3339,403449,200,1776708206671,131,131,false,false,216,,
3340,403450,200,1776708206671,131,131,false,false,216,,
3341,403451,504,1776708206672,131,131,false,false,216,,
3342,403452,504,1776708206734,133,133,false,false,216,,
3343,403453,200,1776708206804,132,132,false,false,216,,
3344,403454,200,1776708206805,132,132,false,false,216,,
3345,403455,200,1776708206805,131,131,false,false,216,,
3346,403456,200,1776708206805,131,131,false,false,216,,
3347,403457,200,1776708206806,131,131,false,false,216,,
3348,403458,200,1776708206806,130,131,false,false,216,,
3349,403459,200,1776708206806,131,131,false,false,216,,
3350,403460,200,1776708206806,130,130,false,false,216,,
3351,403461,200,1776708206806,130,130,false,false,216,,
3352,403462,200,1776708206868,135,135,false,false,216,,
3353,403463,200,1776708206940,132,132,false,false,216,,
3354,403464,200,1776708206938,134,134,false,false,216,,
3355,403465,200,1776708206940,133,133,false,false,216,,
3356,403466,200,1776708206939,134,134,false,false,216,,
3357,403467,200,1776708206939,133,133,false,false,216,,
3358,403468,200,1776708206940,132,133,false,false,216,,
3359,403469,200,1776708206939,133,133,false,false,216,,
3360,403470,200,1776708206940,133,133,false,false,216,,
3361,403471,200,1776708206938,134,134,false,false,216,,
3362,403472,200,1776708207005,135,135,false,false,216,,
3363,403473,200,1776708207074,130,130,false,false,216,,
3364,403474,200,1776708207075,129,129,false,false,216,,
3365,403475,200,1776708207075,129,129,false,false,216,,
3366,403476,200,1776708207076,128,128,false,false,216,,
3367,403477,200,1776708207075,129,129,false,false,216,,
3368,403478,200,1776708207076,128,128,false,false,216,,
3369,403479,200,1776708207076,128,128,false,false,216,,
3370,403480,200,1776708207074,130,130,false,false,216,,
3371,403481,200,1776708207076,192,192,false,false,216,,
3372,403482,200,1776708207141,192,192,false,false,216,,
3373,403483,200,1776708207205,128,128,false,false,216,,
3374,403484,200,1776708207206,127,127,false,false,216,,
3375,403485,200,1776708207207,191,191,false,false,216,,
3376,403486,200,1776708207207,127,127,false,false,216,,
3377,403487,200,1776708207206,127,127,false,false,216,,
3378,403488,200,1776708207206,127,127,false,false,216,,
3379,403489,200,1776708207207,126,126,false,false,216,,
3380,403490,200,1776708207207,190,190,false,false,216,,
3381,403491,200,1776708207270,128,128,false,false,216,,
3382,403492,200,1776708207334,133,133,false,false,216,,
3383,403493,200,1776708207334,133,133,false,false,216,,
3384,403494,200,1776708207334,133,133,false,false,216,,
3385,403495,200,1776708207334,132,133,false,false,216,,
3386,403496,200,1776708207335,132,132,false,false,216,,
3387,403497,200,1776708207335,132,132,false,false,216,,
3388,403498,200,1776708207335,132,132,false,false,216,,
3389,403499,200,1776708207399,148,148,false,false,216,,
3390,403500,200,1776708207399,217,217,false,false,216,,
3391,403501,200,1776708207399,216,216,false,false,216,,
3392,403502,200,1776708207468,147,147,false,false,216,,
3393,403503,200,1776708207470,146,146,false,false,216,,
3394,403504,200,1776708207468,147,147,false,false,216,,
3395,403505,200,1776708207469,146,146,false,false,216,,
3396,403506,200,1776708207470,145,145,false,false,216,,
3397,403507,200,1776708207469,146,146,false,false,216,,
3398,403508,200,1776708207469,146,146,false,false,216,,
3399,403509,200,1776708207549,133,133,false,false,216,,
3400,403510,200,1776708207617,131,131,false,false,216,,
3401,403511,200,1776708207618,194,194,false,false,216,,
3402,403512,200,1776708207618,194,194,false,false,216,,
3403,403513,200,1776708207618,129,129,false,false,216,,
3404,403514,200,1776708207617,130,130,false,false,216,,
3405,403515,200,1776708207618,130,130,false,false,216,,
3406,403516,200,1776708207617,130,130,false,false,216,,
3407,403517,200,1776708207619,193,193,false,false,216,,
3408,403518,200,1776708207619,193,193,false,false,216,,
3409,403519,200,1776708207684,193,193,false,false,216,,
3410,403520,200,1776708207750,191,191,false,false,216,,
3411,403521,200,1776708207749,191,191,false,false,216,,
3412,403522,200,1776708207749,192,192,false,false,216,,
3413,403523,200,1776708207750,191,191,false,false,216,,
3414,403524,200,1776708207749,191,191,false,false,216,,
3415,403525,200,1776708207813,192,192,false,false,216,,
3416,403526,200,1776708207814,191,191,false,false,216,,
3417,403527,200,1776708207814,191,191,false,false,216,,
3418,403528,200,1776708207814,191,191,false,false,216,,
3419,403529,200,1776708207878,197,197,false,false,216,,
3420,403530,200,1776708207943,132,132,false,false,216,,
3421,403531,200,1776708207943,132,132,false,false,216,,
3422,403532,200,1776708207942,133,133,false,false,216,,
3423,403533,200,1776708207944,131,131,false,false,216,,
3424,403534,200,1776708207943,132,132,false,false,216,,
3425,403535,200,1776708208007,147,147,false,false,216,,
3426,403536,200,1776708208007,214,214,false,false,216,,
3427,403537,200,1776708208006,214,214,false,false,216,,
3428,403538,200,1776708208007,214,214,false,false,216,,
3429,403539,200,1776708208077,144,144,false,false,216,,
3430,403540,200,1776708208077,144,144,false,false,216,,
3431,403541,200,1776708208078,143,143,false,false,216,,
3432,403542,200,1776708208078,143,143,false,false,216,,
3433,403543,200,1776708208077,144,144,false,false,216,,
3434,403544,200,1776708208077,143,143,false,false,216,,
3435,403545,200,1776708208156,129,129,false,false,216,,
3436,403546,200,1776708208223,127,127,false,false,216,,
3437,403547,200,1776708208223,127,127,false,false,216,,
3438,403548,200,1776708208223,126,126,false,false,216,,
3439,403549,200,1776708208224,190,190,false,false,216,,
3440,403550,200,1776708208222,128,128,false,false,216,,
3441,403551,200,1776708208223,127,127,false,false,216,,
3442,403552,200,1776708208224,189,189,false,false,216,,
3443,403553,200,1776708208223,126,127,false,false,216,,
3444,403554,200,1776708208224,126,126,false,false,216,,
3445,403555,200,1776708208287,127,127,false,false,216,,
3446,403556,200,1776708208352,126,126,false,false,216,,
3447,403557,200,1776708208351,127,127,false,false,216,,
3448,403558,200,1776708208352,126,126,false,false,216,,
3449,403559,200,1776708208351,127,127,false,false,216,,
3450,403560,200,1776708208352,126,126,false,false,216,,
3451,403561,200,1776708208352,190,190,false,false,216,,
3452,403562,200,1776708208352,126,126,false,false,216,,
3453,403563,200,1776708208414,202,202,false,false,216,,
3454,403564,200,1776708208415,201,201,false,false,216,,
3455,403565,200,1776708208415,201,201,false,false,216,,
3456,403566,200,1776708208483,133,133,false,false,216,,
3457,403567,200,1776708208480,136,136,false,false,216,,
3458,403568,200,1776708208483,133,133,false,false,216,,
3459,403569,200,1776708208480,136,136,false,false,216,,
3460,403570,200,1776708208482,134,134,false,false,216,,
3461,403571,200,1776708208482,134,134,false,false,216,,
3462,403572,200,1776708208543,134,134,false,false,216,,
3463,403573,200,1776708208617,179,179,false,false,216,,
3464,403574,200,1776708208618,174,174,false,false,216,,
3465,403575,200,1776708208618,179,179,false,false,216,,
3466,403576,200,1776708208620,174,175,false,false,216,,
3467,403577,200,1776708208620,173,173,false,false,216,,
3468,403578,200,1776708208624,167,167,false,false,216,,
3469,403579,200,1776708208624,167,167,false,false,216,,
3470,403580,200,1776708208621,173,173,false,false,216,,
3471,403581,200,1776708208621,175,175,false,false,216,,
3472,403582,200,1776708208678,188,188,false,false,216,,
3473,403583,200,1776708208795,138,139,false,false,216,,
3474,403584,200,1776708208795,138,138,false,false,216,,
3475,403585,200,1776708208795,138,138,false,false,216,,
3476,403586,200,1776708208795,138,138,false,false,216,,
3477,403587,200,1776708208797,136,136,false,false,216,,
3478,403588,200,1776708208796,136,136,false,false,216,,
3479,403589,200,1776708208797,136,136,false,false,216,,
3480,403590,200,1776708208797,135,135,false,false,216,,
3481,403591,200,1776708208798,135,135,false,false,216,,
3482,403592,200,1776708208867,132,132,false,false,216,,
3483,403593,200,1776708208934,132,132,false,false,216,,
3484,403594,200,1776708208934,132,132,false,false,216,,
3485,403595,200,1776708208934,132,132,false,false,216,,
3486,403596,200,1776708208934,132,132,false,false,216,,
3487,403597,200,1776708208934,132,132,false,false,216,,
3488,403598,200,1776708208934,132,132,false,false,216,,
3489,403599,200,1776708208934,132,132,false,false,216,,
3490,403600,200,1776708208934,132,132,false,false,216,,
3491,403601,200,1776708208934,131,131,false,false,216,,
3492,403602,200,1776708209000,144,144,false,false,216,,
3493,403603,200,1776708209067,142,142,false,false,216,,
3494,403604,200,1776708209067,143,143,false,false,216,,
3495,403605,200,1776708209067,142,142,false,false,216,,
3496,403606,200,1776708209067,142,142,false,false,216,,
3497,403607,200,1776708209067,142,142,false,false,216,,
3498,403608,200,1776708209067,142,142,false,false,216,,
3499,403609,200,1776708209067,143,143,false,false,216,,
3500,403610,200,1776708209067,143,143,false,false,216,,
3501,403611,200,1776708209067,142,142,false,false,216,,
3502,403612,200,1776708209145,144,144,false,false,216,,
3503,403613,200,1776708209211,144,144,false,false,216,,
3504,403614,200,1776708209211,143,143,false,false,216,,
3505,403615,200,1776708209211,143,143,false,false,216,,
3506,403616,200,1776708209211,143,143,false,false,216,,
3507,403617,200,1776708209211,143,143,false,false,216,,
3508,403618,200,1776708209211,143,143,false,false,216,,
3509,403619,200,1776708209211,143,143,false,false,216,,
3510,403620,200,1776708209211,143,143,false,false,216,,
3511,403621,200,1776708209211,143,143,false,false,216,,
3512,403622,200,1776708209290,145,145,false,false,216,,
3513,403623,200,1776708209356,130,130,false,false,216,,
3514,403624,200,1776708209356,130,130,false,false,216,,
3515,403625,200,1776708209355,131,131,false,false,216,,
3516,403626,200,1776708209356,130,130,false,false,216,,
3517,403627,200,1776708209355,130,130,false,false,216,,
3518,403628,200,1776708209356,130,130,false,false,216,,
3519,403629,200,1776708209356,130,130,false,false,216,,
3520,403630,200,1776708209356,130,130,false,false,216,,
3521,403631,200,1776708209356,193,193,false,false,216,,
3522,403632,200,1776708209436,182,182,false,false,216,,
3523,403633,200,1776708209487,131,131,false,false,216,,
3524,403634,200,1776708209487,131,131,false,false,216,,
3525,403635,200,1776708209487,131,131,false,false,216,,
3526,403636,200,1776708209487,131,131,false,false,216,,
3527,403637,200,1776708209487,131,131,false,false,216,,
3528,403638,200,1776708209487,131,131,false,false,216,,
3529,403639,200,1776708209487,131,131,false,false,216,,
3530,403640,200,1776708209488,131,131,false,false,216,,
3531,403641,200,1776708209550,149,149,false,false,216,,
3532,403642,200,1776708209620,131,131,false,false,216,,
3533,403643,200,1776708209619,132,132,false,false,216,,
3534,403644,200,1776708209620,132,132,false,false,216,,
3535,403645,200,1776708209620,190,190,false,false,216,,
3536,403646,200,1776708209620,132,132,false,false,216,,
3537,403647,200,1776708209620,132,132,false,false,216,,
3538,403648,200,1776708209620,131,131,false,false,216,,
3539,403649,200,1776708209621,190,190,false,false,216,,
3540,403650,200,1776708209620,132,132,false,false,216,,
3541,403651,200,1776708209700,185,185,false,false,216,,
3542,403652,200,1776708209753,132,132,false,false,216,,
3543,403653,200,1776708209754,131,131,false,false,216,,
3544,403654,200,1776708209754,131,131,false,false,216,,
3545,403655,200,1776708209753,132,132,false,false,216,,
3546,403656,200,1776708209754,131,131,false,false,216,,
3547,403657,200,1776708209754,131,131,false,false,216,,
3548,403658,200,1776708209755,130,130,false,false,216,,
3549,403659,200,1776708209812,142,142,false,false,216,,
3550,403660,200,1776708209812,142,142,false,false,216,,
3551,403661,200,1776708209889,133,133,false,false,216,,
3552,403662,200,1776708209887,136,136,false,false,216,,
3553,403663,200,1776708209888,134,134,false,false,216,,
3554,403664,200,1776708209888,134,134,false,false,216,,
3555,403665,200,1776708209887,135,135,false,false,216,,
3556,403666,200,1776708209887,135,135,false,false,216,,
3557,403667,200,1776708209888,134,134,false,false,216,,
3558,403668,200,1776708209889,133,133,false,false,216,,
3559,403669,200,1776708209956,199,199,false,false,216,,
3560,403670,200,1776708209956,146,146,false,false,216,,
3561,403671,200,1776708210025,130,130,false,false,216,,
3562,403672,200,1776708210024,132,132,false,false,216,,
3563,403673,200,1776708210024,131,131,false,false,216,,
3564,403674,200,1776708210025,131,131,false,false,216,,
3565,403675,200,1776708210023,132,132,false,false,216,,
3566,403676,200,1776708210024,132,132,false,false,216,,
3567,403677,200,1776708210025,131,131,false,false,216,,
3568,403678,200,1776708210025,188,188,false,false,216,,
3569,403679,200,1776708210104,193,193,false,false,216,,
3570,403680,200,1776708210157,181,181,false,false,216,,
3571,403681,200,1776708210159,224,224,false,false,216,,
3572,403682,200,1776708210158,181,181,false,false,216,,
3573,403683,200,1776708210157,181,181,false,false,216,,
3574,403684,200,1776708210158,180,180,false,false,216,,
3575,403685,200,1776708210158,180,180,false,false,216,,
3576,403686,200,1776708210158,224,224,false,false,216,,
3577,403687,200,1776708210159,223,223,false,false,216,,
3578,403688,200,1776708210214,168,168,false,false,216,,
3579,403689,200,1776708210297,150,150,false,false,216,,
3580,403690,200,1776708210340,108,108,false,false,216,,
3581,403691,200,1776708210339,108,108,false,false,216,,
3582,403692,200,1776708210339,108,108,false,false,216,,
3583,403693,200,1776708210339,108,108,false,false,216,,
3584,403694,200,1776708210339,108,108,false,false,216,,
3585,403695,200,1776708210383,128,128,false,false,216,,
3586,403696,200,1776708210384,195,195,false,false,216,,
3587,403697,200,1776708210384,195,195,false,false,216,,
3588,403698,200,1776708210384,195,195,false,false,216,,
3589,403699,200,1776708210449,130,130,false,false,216,,
3590,403700,200,1776708210449,130,130,false,false,216,,
3591,403701,200,1776708210449,130,130,false,false,216,,
3592,403702,200,1776708210448,131,131,false,false,216,,
3593,403703,200,1776708210449,130,130,false,false,216,,
3594,403704,200,1776708210449,130,130,false,false,216,,
3595,403705,200,1776708210513,133,133,false,false,216,,
3596,403706,200,1776708210582,129,129,false,false,216,,
3597,403707,200,1776708210580,130,131,false,false,216,,
3598,403708,200,1776708210581,130,130,false,false,216,,
3599,403709,200,1776708210583,193,193,false,false,216,,
3600,403710,200,1776708210582,129,129,false,false,216,,
3601,403711,200,1776708210581,130,130,false,false,216,,
3602,403712,200,1776708210582,129,129,false,false,216,,
3603,403713,504,1776708210581,130,130,false,false,216,,
3604,403714,200,1776708210582,129,129,false,false,216,,
3605,403715,200,1776708210648,196,196,false,false,216,,
3606,403716,200,1776708210713,132,132,false,false,216,,
3607,403717,200,1776708210713,131,131,false,false,216,,
3608,403718,200,1776708210713,131,131,false,false,216,,
3609,403719,200,1776708210713,132,132,false,false,216,,
3610,403720,200,1776708210713,131,131,false,false,216,,
3611,403721,200,1776708210714,131,131,false,false,216,,
3612,403722,200,1776708210714,130,130,false,false,216,,
3613,403723,200,1776708210714,130,130,false,false,216,,
3614,403724,200,1776708210777,135,135,false,false,216,,
3615,403725,200,1776708210846,130,130,false,false,216,,
3616,403726,200,1776708210847,129,129,false,false,216,,
3617,403727,200,1776708210846,131,131,false,false,216,,
3618,403728,200,1776708210847,130,130,false,false,216,,
3619,403729,200,1776708210848,193,193,false,false,216,,
3620,403730,200,1776708210847,130,130,false,false,216,,
3621,403731,200,1776708210847,129,129,false,false,216,,
3622,403732,200,1776708210846,131,131,false,false,216,,
3623,403733,200,1776708210848,193,193,false,false,216,,
3624,403734,200,1776708210913,196,196,false,false,216,,
3625,403735,200,1776708210978,131,131,false,false,216,,
3626,403736,200,1776708210979,130,130,false,false,216,,
3627,403737,200,1776708210979,131,131,false,false,216,,
3628,403738,200,1776708210978,132,132,false,false,216,,
3629,403739,200,1776708210980,130,130,false,false,216,,
3630,403740,200,1776708210979,131,131,false,false,216,,
3631,403741,200,1776708210980,130,130,false,false,216,,
3632,403742,200,1776708211042,204,204,false,false,216,,
3633,403743,200,1776708211042,148,148,false,false,216,,
3634,403744,200,1776708211111,135,135,false,false,216,,
3635,403745,200,1776708211111,135,135,false,false,216,,
3636,403746,200,1776708211113,192,192,false,false,216,,
3637,403747,200,1776708211112,134,134,false,false,216,,
3638,403748,200,1776708211112,135,135,false,false,216,,
3639,403749,200,1776708211113,192,192,false,false,216,,
3640,403750,200,1776708211112,134,134,false,false,216,,
3641,403751,200,1776708211112,134,134,false,false,216,,
3642,403752,200,1776708211192,187,187,false,false,216,,
3643,403753,200,1776708211249,130,130,false,false,216,,
3644,403754,200,1776708211248,131,131,false,false,216,,
3645,403755,200,1776708211248,131,131,false,false,216,,
3646,403756,200,1776708211248,132,132,false,false,216,,
3647,403757,200,1776708211249,131,131,false,false,216,,
3648,403758,200,1776708211249,130,130,false,false,216,,
3649,403759,200,1776708211248,131,131,false,false,216,,
3650,403760,200,1776708211306,208,208,false,false,216,,
3651,403761,200,1776708211307,152,152,false,false,216,,
3652,403762,200,1776708211381,134,134,false,false,216,,
3653,403763,200,1776708211382,133,133,false,false,216,,
3654,403764,200,1776708211382,132,132,false,false,216,,
3655,403765,200,1776708211383,132,132,false,false,216,,
3656,403766,200,1776708211382,132,132,false,false,216,,
3657,403767,200,1776708211382,132,132,false,false,216,,
3658,403768,200,1776708211383,181,181,false,false,216,,
3659,403769,200,1776708211381,133,133,false,false,216,,
3660,403770,200,1776708211460,187,187,false,false,216,,
3661,403771,200,1776708211518,130,130,false,false,216,,
3662,403772,200,1776708211517,131,131,false,false,216,,
3663,403773,200,1776708211516,132,132,false,false,216,,
3664,403774,200,1776708211518,131,131,false,false,216,,
3665,403775,200,1776708211517,131,131,false,false,216,,
3666,403776,200,1776708211517,132,132,false,false,216,,
3667,403777,200,1776708211516,132,132,false,false,216,,
3668,403778,200,1776708211517,131,131,false,false,216,,
3669,403779,200,1776708211565,150,150,false,false,216,,
3670,403780,200,1776708211651,193,193,false,false,216,,
3671,403781,200,1776708211649,130,130,false,false,216,,
3672,403782,200,1776708211651,129,129,false,false,216,,
3673,403783,200,1776708211650,130,130,false,false,216,,
3674,403784,200,1776708211650,130,130,false,false,216,,
3675,403785,200,1776708211650,130,130,false,false,216,,
3676,403786,200,1776708211650,130,130,false,false,216,,
3677,403787,200,1776708211651,129,129,false,false,216,,
3678,403788,200,1776708211651,129,129,false,false,216,,
3679,403789,200,1776708211716,197,197,false,false,216,,
3680,403790,200,1776708211782,132,132,false,false,216,,
3681,403791,200,1776708211782,132,132,false,false,216,,
3682,403792,200,1776708211781,132,132,false,false,216,,
3683,403793,200,1776708211782,131,131,false,false,216,,
3684,403794,200,1776708211783,131,131,false,false,216,,
3685,403795,200,1776708211783,130,130,false,false,216,,
3686,403796,200,1776708211783,199,199,false,false,216,,
3687,403797,200,1776708211783,131,131,false,false,216,,
3688,403798,200,1776708211845,137,137,false,false,216,,
3689,403799,200,1776708211915,135,135,false,false,216,,
3690,403800,200,1776708211916,134,134,false,false,216,,
3691,403801,200,1776708211916,134,135,false,false,216,,
3692,403802,200,1776708211916,134,134,false,false,216,,
3693,403803,200,1776708211917,133,133,false,false,216,,
3694,403804,200,1776708211916,134,134,false,false,216,,
3695,403805,200,1776708211915,135,135,false,false,216,,
3696,403806,200,1776708211917,133,133,false,false,216,,
3697,403807,200,1776708211984,130,130,false,false,216,,
3698,403808,200,1776708211984,194,194,false,false,216,,
3699,403809,200,1776708212051,126,126,false,false,216,,
3700,403810,200,1776708212053,125,125,false,false,216,,
3701,403811,200,1776708212052,126,126,false,false,216,,
3702,403812,200,1776708212052,126,126,false,false,216,,
3703,403813,200,1776708212053,125,125,false,false,216,,
3704,403814,200,1776708212053,124,124,false,false,216,,
3705,403815,200,1776708212052,125,125,false,false,216,,
3706,403816,200,1776708212054,188,188,false,false,216,,
3707,403817,200,1776708212115,127,127,false,false,216,,
3708,403818,200,1776708212179,129,129,false,false,216,,
3709,403819,200,1776708212179,129,129,false,false,216,,
3710,403820,200,1776708212179,129,129,false,false,216,,
3711,403821,200,1776708212179,129,129,false,false,216,,
3712,403822,200,1776708212179,129,129,false,false,216,,
3713,403823,200,1776708212179,129,129,false,false,216,,
3714,403824,200,1776708212179,129,129,false,false,216,,
3715,403825,200,1776708212179,129,129,false,false,216,,
3716,403826,200,1776708212243,130,130,false,false,216,,
3717,403827,200,1776708212243,197,197,false,false,216,,
3718,403828,200,1776708212310,130,130,false,false,216,,
3719,403829,200,1776708212309,131,131,false,false,216,,
3720,403830,200,1776708212310,130,131,false,false,216,,
3721,403831,200,1776708212309,131,131,false,false,216,,
3722,403832,200,1776708212310,130,130,false,false,216,,
3723,403833,200,1776708212309,131,131,false,false,216,,
3724,403834,200,1776708212309,131,131,false,false,216,,
3725,403835,200,1776708212310,131,131,false,false,216,,
3726,403836,200,1776708212374,133,134,false,false,216,,
3727,403837,200,1776708212443,129,129,false,false,216,,
3728,403838,200,1776708212442,129,129,false,false,216,,
3729,403839,200,1776708212443,128,128,false,false,216,,
3730,403840,200,1776708212442,130,130,false,false,216,,
3731,403841,200,1776708212443,129,129,false,false,216,,
3732,403842,200,1776708212443,128,128,false,false,216,,
3733,403843,200,1776708212443,128,128,false,false,216,,
3734,403844,200,1776708212442,129,129,false,false,216,,
3735,403845,200,1776708212444,192,192,false,false,216,,
3736,403846,200,1776708212509,192,192,false,false,216,,
3737,403847,200,1776708212574,126,127,false,false,216,,
3738,403848,200,1776708212573,127,127,false,false,216,,
3739,403849,200,1776708212573,127,127,false,false,216,,
3740,403850,200,1776708212574,126,126,false,false,216,,
3741,403851,200,1776708212574,127,127,false,false,216,,
3742,403852,200,1776708212575,126,126,false,false,216,,
3743,403853,200,1776708212575,189,189,false,false,216,,
3744,403854,200,1776708212575,189,189,false,false,216,,
3745,403855,200,1776708212637,127,127,false,false,216,,
3746,403856,200,1776708212702,131,131,false,false,216,,
3747,403857,200,1776708212703,130,130,false,false,216,,
3748,403858,200,1776708212704,130,130,false,false,216,,
3749,403859,200,1776708212703,130,130,false,false,216,,
3750,403860,200,1776708212703,131,131,false,false,216,,
3751,403861,200,1776708212704,130,130,false,false,216,,
3752,403862,200,1776708212703,131,131,false,false,216,,
3753,403863,200,1776708212766,201,201,false,false,216,,
3754,403864,200,1776708212766,131,131,false,false,216,,
3755,403865,200,1776708212766,201,201,false,false,216,,
3756,403866,200,1776708212835,132,132,false,false,216,,
3757,403867,200,1776708212837,130,130,false,false,216,,
3758,403868,200,1776708212836,131,131,false,false,216,,
3759,403869,200,1776708212836,132,132,false,false,216,,
3760,403870,200,1776708212836,131,131,false,false,216,,
3761,403871,200,1776708212837,131,131,false,false,216,,
3762,403872,200,1776708212837,130,131,false,false,216,,
3763,403873,200,1776708212899,133,133,false,false,216,,
3764,403874,200,1776708212969,128,128,false,false,216,,
3765,403875,200,1776708212971,125,125,false,false,216,,
3766,403876,200,1776708212971,125,125,false,false,216,,
3767,403877,200,1776708212971,126,126,false,false,216,,
3768,403878,200,1776708212969,127,127,false,false,216,,
3769,403879,200,1776708212970,126,126,false,false,216,,
3770,403880,200,1776708212969,127,127,false,false,216,,
3771,403881,200,1776708212970,126,126,false,false,216,,
3772,403882,200,1776708212971,188,188,false,false,216,,
3773,403883,200,1776708213033,190,190,false,false,216,,
3774,403884,200,1776708213098,126,126,false,false,216,,
3775,403885,200,1776708213100,188,188,false,false,216,,
3776,403886,200,1776708213100,124,124,false,false,216,,
3777,403887,200,1776708213100,124,124,false,false,216,,
3778,403888,200,1776708213099,125,125,false,false,216,,
3779,403889,200,1776708213099,125,125,false,false,216,,
3780,403890,200,1776708213099,124,124,false,false,216,,
3781,403891,200,1776708213098,125,125,false,false,216,,
3782,403892,200,1776708213160,198,198,false,false,216,,
3783,403893,200,1776708213226,132,132,false,false,216,,
3784,403894,200,1776708213225,133,133,false,false,216,,
3785,403895,200,1776708213226,132,132,false,false,216,,
3786,403896,200,1776708213226,132,132,false,false,216,,
3787,403897,200,1776708213226,132,132,false,false,216,,
3788,403898,200,1776708213227,132,132,false,false,216,,
3789,403899,200,1776708213227,131,131,false,false,216,,
3790,403900,200,1776708213227,131,131,false,false,216,,
3791,403901,200,1776708213289,148,148,false,false,216,,
3792,403902,200,1776708213359,145,145,false,false,216,,
3793,403903,200,1776708213359,146,146,false,false,216,,
3794,403904,200,1776708213359,145,145,false,false,216,,
3795,403905,200,1776708213359,145,145,false,false,216,,
3796,403906,200,1776708213359,145,145,false,false,216,,
3797,403907,200,1776708213360,145,145,false,false,216,,
3798,403908,200,1776708213360,145,145,false,false,216,,
3799,403909,200,1776708213360,145,145,false,false,216,,
3800,403910,200,1776708213360,145,145,false,false,216,,
3801,403911,200,1776708213438,200,200,false,false,216,,
3802,403912,200,1776708213506,132,132,false,false,216,,
3803,403913,200,1776708213508,130,130,false,false,216,,
3804,403914,200,1776708213508,130,130,false,false,216,,
3805,403915,200,1776708213507,131,131,false,false,216,,
3806,403916,200,1776708213507,131,131,false,false,216,,
3807,403917,200,1776708213507,131,131,false,false,216,,
3808,403918,200,1776708213507,83,83,false,false,216,,
3809,403919,200,1776708213508,130,130,false,false,216,,
3810,403920,200,1776708213508,194,194,false,false,216,,
3811,403921,200,1776708213592,175,175,false,false,216,,
3812,403922,200,1776708213641,127,127,false,false,216,,
3813,403923,200,1776708213640,127,127,false,false,216,,
3814,403924,200,1776708213641,126,126,false,false,216,,
3815,403925,200,1776708213639,128,128,false,false,216,,
3816,403926,200,1776708213641,189,189,false,false,216,,
3817,403927,200,1776708213640,127,127,false,false,216,,
3818,403928,200,1776708213641,127,127,false,false,216,,
3819,403929,200,1776708213641,189,189,false,false,216,,
3820,403930,200,1776708213704,127,127,false,false,216,,
3821,403931,200,1776708213770,131,131,false,false,216,,
3822,403932,200,1776708213770,132,132,false,false,216,,
3823,403933,200,1776708213769,133,133,false,false,216,,
3824,403934,200,1776708213769,132,132,false,false,216,,
3825,403935,200,1776708213770,131,131,false,false,216,,
3826,403936,200,1776708213769,132,132,false,false,216,,
3827,403937,200,1776708213770,131,131,false,false,216,,
3828,403938,200,1776708213832,133,133,false,false,216,,
3829,403939,200,1776708213832,202,202,false,false,216,,
3830,403940,200,1776708213833,202,202,false,false,216,,
3831,403941,200,1776708213904,131,131,false,false,216,,
3832,403942,200,1776708213904,131,131,false,false,216,,
3833,403943,200,1776708213903,131,131,false,false,216,,
3834,403944,200,1776708213903,132,132,false,false,216,,
3835,403945,200,1776708213903,132,132,false,false,216,,
3836,403946,200,1776708213904,131,131,false,false,216,,
3837,403947,200,1776708213903,132,132,false,false,216,,
3838,403948,200,1776708213967,135,135,false,false,216,,
3839,403949,200,1776708214038,128,128,false,false,216,,
3840,403950,200,1776708214037,129,129,false,false,216,,
3841,403951,200,1776708214037,129,129,false,false,216,,
3842,403952,200,1776708214038,191,191,false,false,216,,
3843,403953,200,1776708214036,130,130,false,false,216,,
3844,403954,200,1776708214037,129,129,false,false,216,,
3845,403955,200,1776708214037,128,128,false,false,216,,
3846,403956,200,1776708214038,191,191,false,false,216,,
3847,403957,200,1776708214036,129,129,false,false,216,,
3848,403958,200,1776708214103,190,190,false,false,216,,
3849,403959,200,1776708214168,125,125,false,false,216,,
3850,403960,200,1776708214168,125,125,false,false,216,,
3851,403961,200,1776708214168,125,125,false,false,216,,
3852,403962,200,1776708214169,125,125,false,false,216,,
3853,403963,200,1776708214168,125,125,false,false,216,,
3854,403964,200,1776708214169,188,188,false,false,216,,
3855,403965,200,1776708214168,125,125,false,false,216,,
3856,403966,200,1776708214230,285,285,false,false,216,,
3857,403967,200,1776708214230,286,286,false,false,216,,
3858,403968,200,1776708214296,657,657,false,false,216,,
3859,403969,200,1776708214295,658,658,false,false,216,,
3860,403970,200,1776708214294,658,658,false,false,216,,
3861,403971,200,1776708214295,658,658,false,false,216,,
3862,403972,200,1776708214295,658,658,false,false,216,,
3863,403973,200,1776708214296,657,657,false,false,216,,
3864,403974,200,1776708214296,657,657,false,false,216,,
3865,403975,200,1776708214359,594,594,false,false,216,,
3866,403976,200,1776708214517,500,500,false,false,216,,
3867,403977,200,1776708214517,500,500,false,false,216,,
3868,403978,200,1776708214954,128,128,false,false,216,,
3869,403979,200,1776708214956,126,127,false,false,216,,
3870,403980,200,1776708214955,128,128,false,false,216,,
3871,403981,200,1776708214956,126,126,false,false,216,,
3872,403982,200,1776708214956,127,127,false,false,216,,
3873,403983,200,1776708214955,127,127,false,false,216,,
3874,403984,200,1776708214955,128,128,false,false,216,,
3875,403985,200,1776708214956,126,127,false,false,216,,
3876,403986,200,1776708215019,131,131,false,false,216,,
3877,403987,200,1776708215019,159,159,false,false,216,,
3878,403988,200,1776708215085,129,129,false,false,216,,
3879,403989,200,1776708215086,129,129,false,false,216,,
3880,403990,200,1776708215084,130,130,false,false,216,,
3881,403991,200,1776708215086,171,171,false,false,216,,
3882,403992,200,1776708215084,130,130,false,false,216,,
3883,403993,200,1776708215085,130,130,false,false,216,,
3884,403994,200,1776708215085,129,129,false,false,216,,
3885,403995,200,1776708215086,128,128,false,false,216,,
3886,403996,200,1776708215151,195,195,false,false,216,,
3887,403997,200,1776708215179,168,168,false,false,216,,
3888,403998,200,1776708215217,130,130,false,false,216,,
3889,403999,200,1776708215216,131,131,false,false,216,,
3890,404000,200,1776708215217,130,130,false,false,216,,
3891,404001,200,1776708215216,131,131,false,false,216,,
3892,404002,200,1776708215217,130,130,false,false,216,,
3893,404003,200,1776708215217,130,130,false,false,216,,
3894,404004,200,1776708215217,198,198,false,false,216,,
3895,404005,200,1776708215258,157,157,false,false,216,,
3896,404006,200,1776708215349,134,135,false,false,216,,
3897,404007,200,1776708215348,135,135,false,false,216,,
3898,404008,200,1776708215349,135,135,false,false,216,,
3899,404009,200,1776708215349,134,134,false,false,216,,
3900,404010,200,1776708215350,133,133,false,false,216,,
3901,404011,200,1776708215349,135,135,false,false,216,,
3902,404012,200,1776708215350,133,133,false,false,216,,
3903,404013,200,1776708215350,134,134,false,false,216,,
3904,404014,200,1776708215418,200,201,false,false,216,,
3905,404015,200,1776708215417,130,130,false,false,216,,
3906,404016,200,1776708215485,133,133,false,false,216,,
3907,404017,200,1776708215485,133,133,false,false,216,,
3908,404018,200,1776708215486,133,133,false,false,216,,
3909,404019,200,1776708215486,132,132,false,false,216,,
3910,404020,200,1776708215486,132,132,false,false,216,,
3911,404021,200,1776708215487,132,132,false,false,216,,
3912,404022,200,1776708215486,133,133,false,false,216,,
3913,404023,200,1776708215487,132,132,false,false,216,,
3914,404024,200,1776708215549,132,132,false,false,216,,
3915,404025,200,1776708215620,126,126,false,false,216,,
3916,404026,200,1776708215621,125,125,false,false,216,,
3917,404027,200,1776708215621,125,125,false,false,216,,
3918,404028,200,1776708215620,126,126,false,false,216,,
3919,404029,200,1776708215622,194,194,false,false,216,,
3920,404030,200,1776708215621,125,125,false,false,216,,
3921,404031,200,1776708215622,125,125,false,false,216,,
3922,404032,200,1776708215622,194,194,false,false,216,,
3923,404033,200,1776708215620,126,126,false,false,216,,
3924,404034,200,1776708215682,134,134,false,false,216,,
3925,404035,200,1776708215748,134,135,false,false,216,,
3926,404036,200,1776708215748,135,135,false,false,216,,
3927,404037,200,1776708215747,135,135,false,false,216,,
3928,404038,200,1776708215748,135,135,false,false,216,,
3929,404039,200,1776708215749,134,134,false,false,216,,
3930,404040,200,1776708215749,134,134,false,false,216,,
3931,404041,200,1776708215749,134,134,false,false,216,,
3932,404042,200,1776708215817,130,130,false,false,216,,
3933,404043,200,1776708215818,201,201,false,false,216,,
3934,404044,200,1776708215818,201,201,false,false,216,,
3935,404045,200,1776708215885,134,134,false,false,216,,
3936,404046,200,1776708215884,134,135,false,false,216,,
3937,404047,200,1776708215885,134,134,false,false,216,,
3938,404048,200,1776708215885,134,134,false,false,216,,
3939,404049,200,1776708215886,133,133,false,false,216,,
3940,404050,200,1776708215886,133,133,false,false,216,,
3941,404051,200,1776708215886,133,133,false,false,216,,
3942,404052,200,1776708215949,204,204,false,false,216,,
3943,404053,200,1776708216021,132,132,false,false,216,,
3944,404054,200,1776708216023,194,194,false,false,216,,
3945,404055,200,1776708216021,132,132,false,false,216,,
3946,404056,200,1776708216021,132,132,false,false,216,,
3947,404057,200,1776708216022,131,131,false,false,216,,
3948,404058,200,1776708216021,83,83,false,false,216,,
3949,404059,200,1776708216022,131,131,false,false,216,,
3950,404060,200,1776708216022,131,131,false,false,216,,
3951,404061,200,1776708216022,131,131,false,false,216,,
3952,404062,200,1776708216106,180,180,false,false,216,,
3953,404063,200,1776708216155,131,131,false,false,216,,
3954,404064,200,1776708216154,131,131,false,false,216,,
3955,404065,200,1776708216156,129,129,false,false,216,,
3956,404066,200,1776708216156,130,130,false,false,216,,
3957,404067,200,1776708216155,130,130,false,false,216,,
3958,404068,200,1776708216156,130,130,false,false,216,,
3959,404069,200,1776708216156,130,130,false,false,216,,
3960,404070,200,1776708216155,131,131,false,false,216,,
3961,404071,200,1776708216218,147,147,false,false,216,,
3962,404072,200,1776708216287,145,145,false,false,216,,
3963,404073,200,1776708216287,145,145,false,false,216,,
3964,404074,200,1776708216287,145,145,false,false,216,,
3965,404075,200,1776708216287,145,145,false,false,216,,
3966,404076,200,1776708216287,145,145,false,false,216,,
3967,404077,200,1776708216287,145,145,false,false,216,,
3968,404078,200,1776708216287,145,145,false,false,216,,
3969,404079,200,1776708216287,145,145,false,false,216,,
3970,404080,200,1776708216287,145,145,false,false,216,,
3971,404081,200,1776708216366,133,133,false,false,216,,
3972,404082,200,1776708216434,130,130,false,false,216,,
3973,404083,200,1776708216434,130,130,false,false,216,,
3974,404084,200,1776708216434,129,129,false,false,216,,
3975,404085,200,1776708216433,130,130,false,false,216,,
3976,404086,200,1776708216434,129,129,false,false,216,,
3977,404087,200,1776708216434,129,129,false,false,216,,
3978,404088,200,1776708216435,192,192,false,false,216,,
3979,404089,200,1776708216434,129,129,false,false,216,,
3980,404090,200,1776708216435,192,192,false,false,216,,
3981,404091,200,1776708216500,195,195,false,false,216,,
3982,404092,200,1776708216564,131,131,false,false,216,,
3983,404093,200,1776708216564,131,131,false,false,216,,
3984,404094,200,1776708216565,131,131,false,false,216,,
3985,404095,200,1776708216565,131,131,false,false,216,,
3986,404096,200,1776708216565,131,131,false,false,216,,
3987,404097,200,1776708216565,130,130,false,false,216,,
3988,404098,200,1776708216565,130,130,false,false,216,,
3989,404099,200,1776708216628,131,131,false,false,216,,
3990,404100,200,1776708216629,201,201,false,false,216,,
3991,404101,200,1776708216697,132,133,false,false,216,,
3992,404102,200,1776708216699,131,131,false,false,216,,
3993,404103,200,1776708216699,130,130,false,false,216,,
3994,404104,200,1776708216698,132,132,false,false,216,,
3995,404105,200,1776708216699,131,131,false,false,216,,
3996,404106,200,1776708216698,131,131,false,false,216,,
3997,404107,200,1776708216698,131,131,false,false,216,,
3998,404108,200,1776708216697,132,132,false,false,216,,
3999,404109,200,1776708216760,135,135,false,false,216,,
4000,404110,429,1776708216830,175,175,false,false,216,,
4001,404111,429,1776708216831,175,175,false,false,216,,
4002,404112,429,1776708216831,175,175,false,false,216,,
4003,404113,429,1776708216831,175,175,false,false,216,,
4004,404114,429,1776708216830,175,175,false,false,216,,
4005,404115,429,1776708216831,175,175,false,false,216,,
4006,404116,429,1776708216831,175,175,false,false,216,,
4007,404117,429,1776708216831,175,175,false,false,216,,
4008,404118,429,1776708216831,175,175,false,false,216,,
4009,404119,429,1776708216896,174,174,false,false,216,,
4010,404120,429,1776708217008,131,131,false,false,216,,
4011,404121,429,1776708217007,132,132,false,false,216,,
4012,404122,429,1776708217007,131,131,false,false,216,,
4013,404123,429,1776708217009,193,193,false,false,216,,
4014,404124,429,1776708217009,130,130,false,false,216,,
4015,404125,429,1776708217008,131,131,false,false,216,,
4016,404126,429,1776708217008,130,130,false,false,216,,
4017,404127,429,1776708217008,130,130,false,false,216,,
4018,404128,429,1776708217009,193,193,false,false,216,,
4019,404129,429,1776708217071,200,200,false,false,216,,
4020,404130,429,1776708217140,131,131,false,false,216,,
4021,404131,429,1776708217141,130,130,false,false,216,,
4022,404132,429,1776708217141,129,129,false,false,216,,
4023,404133,429,1776708217141,130,130,false,false,216,,
4024,404134,429,1776708217141,130,130,false,false,216,,
4025,404135,429,1776708217142,129,129,false,false,216,,
4026,404136,429,1776708217140,131,131,false,false,216,,
4027,404137,429,1776708217203,132,132,false,false,216,,
4028,404138,429,1776708217204,204,204,false,false,216,,
4029,404139,429,1776708217273,135,135,false,false,216,,
4030,404140,429,1776708217273,134,134,false,false,216,,
4031,404141,429,1776708217273,134,134,false,false,216,,
4032,404142,429,1776708217274,133,133,false,false,216,,
4033,404143,429,1776708217274,133,133,false,false,216,,
4034,404144,429,1776708217274,133,133,false,false,216,,
4035,404145,429,1776708217273,134,134,false,false,216,,
4036,404146,429,1776708217275,133,133,false,false,216,,
4037,404147,429,1776708217337,153,153,false,false,216,,
4038,404148,429,1776708217409,132,132,false,false,216,,
4039,404149,429,1776708217409,132,132,false,false,216,,
4040,404150,429,1776708217410,131,131,false,false,216,,
4041,404151,429,1776708217410,131,131,false,false,216,,
4042,404152,429,1776708217410,131,131,false,false,216,,
4043,404153,429,1776708217409,132,132,false,false,216,,
4044,404154,429,1776708217411,190,190,false,false,216,,
4045,404155,429,1776708217411,190,190,false,false,216,,
4046,404156,429,1776708217411,190,190,false,false,216,,
4047,404157,429,1776708217491,184,184,false,false,216,,
4048,404158,429,1776708217544,132,132,false,false,216,,
4049,404159,429,1776708217543,132,132,false,false,216,,
4050,404160,429,1776708217544,132,132,false,false,216,,
4051,404161,429,1776708217543,133,133,false,false,216,,
4052,404162,429,1776708217543,132,132,false,false,216,,
4053,404163,429,1776708217544,132,132,false,false,216,,
4054,404164,429,1776708217603,207,207,false,false,216,,
4055,404165,429,1776708217602,137,137,false,false,216,,
4056,404166,429,1776708217603,207,207,false,false,216,,
4057,404167,429,1776708217677,133,133,false,false,216,,
4058,404168,429,1776708217678,132,132,false,false,216,,
4059,404169,429,1776708217678,131,131,false,false,216,,
4060,404170,429,1776708217678,131,131,false,false,216,,
4061,404171,429,1776708217678,132,132,false,false,216,,
4062,404172,429,1776708217679,131,131,false,false,216,,
4063,404173,429,1776708217679,131,131,false,false,216,,
4064,404174,429,1776708217741,148,148,false,false,216,,
4065,404175,429,1776708217812,144,144,false,false,216,,
4066,404176,429,1776708217811,145,145,false,false,216,,
4067,404177,429,1776708217812,144,144,false,false,216,,
4068,404178,429,1776708217812,144,144,false,false,216,,
4069,404179,429,1776708217812,144,144,false,false,216,,
4070,404180,429,1776708217813,143,143,false,false,216,,
4071,404181,429,1776708217812,144,144,false,false,216,,
4072,404182,429,1776708217813,143,143,false,false,216,,
4073,404183,429,1776708217813,143,143,false,false,216,,
4074,404184,429,1776708217890,147,147,false,false,216,,
4075,404185,429,1776708217957,147,147,false,false,216,,
4076,404186,429,1776708217958,146,146,false,false,216,,
4077,404187,429,1776708217957,146,146,false,false,216,,
4078,404188,429,1776708217957,147,147,false,false,216,,
4079,404189,429,1776708217957,146,146,false,false,216,,
4080,404190,429,1776708217958,146,146,false,false,216,,
4081,404191,429,1776708217957,146,146,false,false,216,,
4082,404192,429,1776708217957,146,146,false,false,216,,
4083,404193,429,1776708217957,147,147,false,false,216,,
4084,404194,429,1776708218038,147,147,false,false,216,,
4085,404195,429,1776708218106,146,146,false,false,216,,
4086,404196,429,1776708218105,148,148,false,false,216,,
4087,404197,429,1776708218106,147,147,false,false,216,,
4088,404198,429,1776708218106,147,147,false,false,216,,
4089,404199,429,1776708218106,147,147,false,false,216,,
4090,404200,429,1776708218105,147,147,false,false,216,,
4091,404201,429,1776708218105,147,147,false,false,216,,
4092,404202,429,1776708218105,147,147,false,false,216,,
4093,404203,429,1776708218105,147,147,false,false,216,,
4094,404204,429,1776708218186,131,131,false,false,216,,
4095,404205,429,1776708218254,131,131,false,false,216,,
4096,404206,429,1776708218254,131,131,false,false,216,,
4097,404207,429,1776708218253,131,131,false,false,216,,
4098,404208,429,1776708218254,130,130,false,false,216,,
4099,404209,429,1776708218253,131,131,false,false,216,,
4100,404210,429,1776708218254,131,131,false,false,216,,
4101,404211,429,1776708218254,131,131,false,false,216,,
4102,404212,429,1776708218254,131,131,false,false,216,,
4103,404213,429,1776708218254,131,131,false,false,216,,
4104,404214,429,1776708218319,144,144,false,false,216,,
4105,404215,429,1776708218387,142,142,false,false,216,,
4106,404216,429,1776708218387,143,143,false,false,216,,
4107,404217,429,1776708218386,144,144,false,false,216,,
4108,404218,429,1776708218386,143,143,false,false,216,,
4109,404219,429,1776708218386,143,143,false,false,216,,
4110,404220,429,1776708218386,143,143,false,false,216,,
4111,404221,429,1776708218386,143,143,false,false,216,,
4112,404222,429,1776708218387,143,143,false,false,216,,
4113,404223,429,1776708218387,142,142,false,false,216,,
4114,404224,429,1776708218464,218,218,false,false,216,,
4115,404225,429,1776708218531,151,151,false,false,216,,
4116,404226,429,1776708218530,152,152,false,false,216,,
4117,404227,429,1776708218531,84,84,false,false,216,,
4118,404228,429,1776708218530,152,152,false,false,216,,
4119,404229,429,1776708218531,152,152,false,false,216,,
4120,404230,429,1776708218530,152,152,false,false,216,,
4121,404231,429,1776708218531,151,151,false,false,216,,
4122,404232,429,1776708218531,151,151,false,false,216,,
4123,404233,429,1776708218531,151,151,false,false,216,,
4124,404234,429,1776708218616,145,145,false,false,216,,
4125,404235,429,1776708218683,145,145,false,false,216,,
4126,404236,429,1776708218683,144,144,false,false,216,,
4127,404237,429,1776708218684,144,144,false,false,216,,
4128,404238,429,1776708218683,144,144,false,false,216,,
4129,404239,429,1776708218683,144,144,false,false,216,,
4130,404240,429,1776708218683,144,144,false,false,216,,
4131,404241,429,1776708218683,144,144,false,false,216,,
4132,404242,429,1776708218684,144,144,false,false,216,,
4133,404243,429,1776708218684,144,144,false,false,216,,
4134,404244,429,1776708218762,132,132,false,false,216,,
4135,404245,429,1776708218829,128,128,false,false,216,,
4136,404246,429,1776708218830,128,128,false,false,216,,
4137,404247,429,1776708218830,128,128,false,false,216,,
4138,404248,429,1776708218830,128,128,false,false,216,,
4139,404249,429,1776708218829,129,129,false,false,216,,
4140,404250,429,1776708218830,128,128,false,false,216,,
4141,404251,429,1776708218829,129,129,false,false,216,,
4142,404252,429,1776708218830,128,128,false,false,216,,
4143,404253,429,1776708218830,127,127,false,false,216,,
4144,404254,429,1776708218895,142,142,false,false,216,,
4145,404255,429,1776708218959,132,132,false,false,216,,
4146,404256,429,1776708218960,130,130,false,false,216,,
4147,404257,429,1776708218960,131,131,false,false,216,,
4148,404258,429,1776708218960,130,130,false,false,216,,
4149,404259,429,1776708218961,187,187,false,false,216,,
4150,404260,429,1776708218960,130,130,false,false,216,,
4151,404261,429,1776708218960,131,131,false,false,216,,
4152,404262,429,1776708218960,131,131,false,false,216,,
4153,404263,429,1776708218961,186,186,false,false,216,,
4154,404264,429,1776708219039,184,184,false,false,216,,
4155,404265,429,1776708219092,131,131,false,false,216,,
4156,404266,429,1776708219092,131,131,false,false,216,,
4157,404267,429,1776708219093,130,130,false,false,216,,
4158,404268,429,1776708219092,131,131,false,false,216,,
4159,404269,429,1776708219093,131,131,false,false,216,,
4160,404270,429,1776708219092,131,131,false,false,216,,
4161,404271,429,1776708219093,130,130,false,false,216,,
4162,404272,429,1776708219148,138,138,false,false,216,,
4163,404273,429,1776708219149,202,202,false,false,216,,
4164,404274,429,1776708219226,125,125,false,false,216,,
4165,404275,429,1776708219226,125,125,false,false,216,,
4166,404276,429,1776708219226,193,193,false,false,216,,
4167,404277,429,1776708219225,125,125,false,false,216,,
4168,404278,429,1776708219225,126,126,false,false,216,,
4169,404279,429,1776708219225,126,126,false,false,216,,
4170,404280,429,1776708219226,124,124,false,false,216,,
4171,404281,429,1776708219227,193,193,false,false,216,,
4172,404282,429,1776708219287,198,198,false,false,216,,
4173,404283,429,1776708219352,134,134,false,false,216,,
4174,404284,429,1776708219352,134,134,false,false,216,,
4175,404285,429,1776708219352,134,134,false,false,216,,
4176,404286,429,1776708219352,134,134,false,false,216,,
4177,404287,429,1776708219352,134,134,false,false,216,,
4178,404288,429,1776708219352,133,133,false,false,216,,
4179,404289,429,1776708219352,133,133,false,false,216,,
4180,404290,429,1776708219420,144,144,false,false,216,,
4181,404291,429,1776708219421,196,196,false,false,216,,
4182,404292,429,1776708219487,130,130,false,false,216,,
4183,404293,429,1776708219487,129,129,false,false,216,,
4184,404294,429,1776708219488,192,192,false,false,216,,
4185,404295,429,1776708219487,129,129,false,false,216,,
4186,404296,429,1776708219488,192,192,false,false,216,,
4187,404297,429,1776708219487,129,129,false,false,216,,
4188,404298,429,1776708219488,129,129,false,false,216,,
4189,404299,504,1776708219488,128,129,false,false,216,,
4190,404300,429,1776708219565,182,182,false,false,216,,
4191,404301,429,1776708219618,130,130,false,false,216,,
4192,404302,429,1776708219618,130,130,false,false,216,,
4193,404303,429,1776708219618,130,130,false,false,216,,
4194,404304,429,1776708219617,130,130,false,false,216,,
4195,404305,429,1776708219618,130,130,false,false,216,,
4196,404306,429,1776708219617,130,130,false,false,216,,
4197,404307,429,1776708219618,130,130,false,false,216,,
4198,404308,429,1776708219681,131,131,false,false,216,,
4199,404309,429,1776708219681,199,199,false,false,216,,
4200,404310,429,1776708219749,132,132,false,false,216,,
4201,404311,429,1776708219749,131,131,false,false,216,,
4202,404312,429,1776708219749,132,132,false,false,216,,
4203,404313,429,1776708219749,131,131,false,false,216,,
4204,404314,429,1776708219749,131,131,false,false,216,,
4205,404315,429,1776708219749,131,131,false,false,216,,
4206,404316,429,1776708219749,132,132,false,false,216,,
4207,404317,429,1776708219749,131,131,false,false,216,,
4208,404318,429,1776708219814,131,131,false,false,216,,
4209,404319,429,1776708219882,132,132,false,false,216,,
4210,404320,429,1776708219884,130,130,false,false,216,,
4211,404321,429,1776708219883,131,131,false,false,216,,
4212,404322,429,1776708219883,132,132,false,false,216,,
4213,404323,429,1776708219882,132,132,false,false,216,,
4214,404324,429,1776708219883,131,131,false,false,216,,
4215,404325,429,1776708219883,132,132,false,false,216,,
4216,404326,429,1776708219884,131,131,false,false,216,,
4217,404327,429,1776708219884,195,195,false,false,216,,
4218,404328,429,1776708219946,197,197,false,false,216,,
4219,404329,429,1776708220016,128,128,false,false,216,,
4220,404330,429,1776708220016,127,127,false,false,216,,
4221,404331,429,1776708220016,127,127,false,false,216,,
4222,404332,429,1776708220017,190,190,false,false,216,,
4223,404333,429,1776708220017,190,190,false,false,216,,
4224,404334,429,1776708220016,127,127,false,false,216,,
4225,404335,429,1776708220017,127,127,false,false,216,,
4226,404336,429,1776708220017,189,189,false,false,216,,
4227,404337,429,1776708220080,196,196,false,false,216,,
4228,404338,429,1776708220146,130,130,false,false,216,,
4229,404339,429,1776708220146,130,130,false,false,216,,
4230,404340,429,1776708220145,131,131,false,false,216,,
4231,404341,429,1776708220145,131,131,false,false,216,,
4232,404342,429,1776708220146,130,130,false,false,216,,
4233,404343,429,1776708220145,131,131,false,false,216,,
4234,404344,429,1776708220208,197,197,false,false,216,,
4235,404345,429,1776708220208,197,197,false,false,216,,
4236,404346,429,1776708220208,132,132,false,false,216,,
4237,404347,429,1776708220278,127,127,false,false,216,,
4238,404348,429,1776708220278,127,127,false,false,216,,
4239,404349,429,1776708220278,128,128,false,false,216,,
4240,404350,429,1776708220279,126,126,false,false,216,,
4241,404351,429,1776708220279,126,126,false,false,216,,
4242,404352,429,1776708220279,127,127,false,false,216,,
4243,404353,429,1776708220279,195,195,false,false,216,,
4244,404354,429,1776708220342,132,133,false,false,216,,
4245,404355,429,1776708220407,179,179,false,false,216,,
4246,404356,429,1776708220407,178,178,false,false,216,,
4247,404357,429,1776708220408,178,178,false,false,216,,
4248,404358,429,1776708220407,178,178,false,false,216,,
4249,404359,429,1776708220409,177,177,false,false,216,,
4250,404360,429,1776708220408,178,178,false,false,216,,
4251,404361,429,1776708220408,177,177,false,false,216,,
4252,404362,429,1776708220408,177,177,false,false,216,,
4253,404363,429,1776708220476,173,174,false,false,216,,
4254,404364,429,1776708220476,174,174,false,false,216,,
4255,404365,429,1776708220587,111,111,false,false,216,,
4256,404366,429,1776708220588,110,110,false,false,216,,
4257,404367,429,1776708220588,110,110,false,false,216,,
4258,404368,429,1776708220589,109,109,false,false,216,,
4259,404369,429,1776708220588,110,110,false,false,216,,
4260,404370,429,1776708220589,129,129,false,false,216,,
4261,404371,429,1776708220588,111,111,false,false,216,,
4262,404372,429,1776708220589,129,129,false,false,216,,
4263,404373,429,1776708220651,177,177,false,false,216,,
4264,404374,429,1776708220651,177,177,false,false,216,,
4265,404375,429,1776708220700,128,128,false,false,216,,
4266,404376,429,1776708220700,128,128,false,false,216,,
4267,404377,429,1776708220700,128,128,false,false,216,,
4268,404378,429,1776708220700,127,127,false,false,216,,
4269,404379,429,1776708220701,127,127,false,false,216,,
4270,404380,429,1776708220701,127,127,false,false,216,,
4271,404381,429,1776708220719,172,172,false,false,216,,
4272,404382,429,1776708220719,173,173,false,false,216,,
4273,404383,429,1776708220831,135,135,false,false,216,,
4274,404384,429,1776708220831,135,135,false,false,216,,
4275,404385,429,1776708220830,136,136,false,false,216,,
4276,404386,429,1776708220830,136,136,false,false,216,,
4277,404387,429,1776708220832,134,134,false,false,216,,
4278,404388,429,1776708220829,137,137,false,false,216,,
4279,404389,429,1776708220830,135,135,false,false,216,,
4280,404390,429,1776708220830,136,136,false,false,216,,
4281,404391,429,1776708220893,153,153,false,false,216,,
4282,404392,429,1776708220893,220,220,false,false,216,,
4283,404393,429,1776708220967,146,146,false,false,216,,
4284,404394,429,1776708220967,146,146,false,false,216,,
4285,404395,429,1776708220967,146,146,false,false,216,,
4286,404396,429,1776708220967,146,146,false,false,216,,
4287,404397,429,1776708220967,146,146,false,false,216,,
4288,404398,429,1776708220967,146,146,false,false,216,,
4289,404399,429,1776708220967,146,146,false,false,216,,
4290,404400,429,1776708220967,146,146,false,false,216,,
4291,404401,429,1776708221047,133,133,false,false,216,,
4292,404402,429,1776708221117,195,195,false,false,216,,
4293,404403,429,1776708221115,129,129,false,false,216,,
4294,404404,429,1776708221115,129,129,false,false,216,,
4295,404405,429,1776708221116,128,128,false,false,216,,
4296,404406,429,1776708221115,129,129,false,false,216,,
4297,404407,429,1776708221116,128,128,false,false,216,,
4298,404408,429,1776708221116,128,128,false,false,216,,
4299,404409,429,1776708221116,128,128,false,false,216,,
4300,404410,429,1776708221117,195,195,false,false,216,,
4301,404411,429,1776708221181,131,131,false,false,216,,
4302,404412,429,1776708221246,133,133,false,false,216,,
4303,404413,429,1776708221246,133,133,false,false,216,,
4304,404414,429,1776708221246,132,132,false,false,216,,
4305,404415,429,1776708221247,132,132,false,false,216,,
4306,404416,429,1776708221247,131,132,false,false,216,,
4307,404417,429,1776708221247,132,132,false,false,216,,
4308,404418,429,1776708221247,132,132,false,false,216,,
4309,404419,429,1776708221313,129,130,false,false,216,,
4310,404420,429,1776708221313,203,203,false,false,216,,
4311,404421,429,1776708221314,202,202,false,false,216,,
4312,404422,429,1776708221381,136,136,false,false,216,,
4313,404423,429,1776708221381,135,135,false,false,216,,
4314,404424,429,1776708221380,136,136,false,false,216,,
4315,404425,429,1776708221382,135,135,false,false,216,,
4316,404426,429,1776708221382,135,135,false,false,216,,
4317,404427,429,1776708221381,136,136,false,false,216,,
4318,404428,429,1776708221382,135,135,false,false,216,,
4319,404429,429,1776708221444,168,168,false,false,216,,
4320,404430,429,1776708221520,129,129,false,false,216,,
4321,404431,429,1776708221518,131,131,false,false,216,,
4322,404432,429,1776708221520,193,193,false,false,216,,
4323,404433,429,1776708221520,193,193,false,false,216,,
4324,404434,429,1776708221519,130,130,false,false,216,,
4325,404435,429,1776708221519,130,130,false,false,216,,
4326,404436,429,1776708221519,130,130,false,false,216,,
4327,404437,429,1776708221519,130,130,false,false,216,,
4328,404438,429,1776708221519,129,129,false,false,216,,
4329,404439,429,1776708221614,167,168,false,false,216,,
4330,404440,429,1776708221651,130,130,false,false,216,,
4331,404441,429,1776708221650,131,131,false,false,216,,
4332,404442,429,1776708221651,131,131,false,false,216,,
4333,404443,429,1776708221651,130,130,false,false,216,,
4334,404444,429,1776708221651,130,130,false,false,216,,
4335,404445,429,1776708221651,130,130,false,false,216,,
4336,404446,429,1776708221650,131,131,false,false,216,,
4337,404447,429,1776708221715,200,200,false,false,216,,
4338,404448,429,1776708221715,148,148,false,false,216,,
4339,404449,429,1776708221784,131,131,false,false,216,,
4340,404450,429,1776708221784,131,131,false,false,216,,
4341,404451,429,1776708221783,131,131,false,false,216,,
4342,404452,429,1776708221783,131,131,false,false,216,,
4343,404453,429,1776708221783,131,131,false,false,216,,
4344,404454,429,1776708221784,130,130,false,false,216,,
4345,404455,429,1776708221784,130,130,false,false,216,,
4346,404456,429,1776708221785,186,186,false,false,216,,
4347,404457,429,1776708221864,184,184,false,false,216,,
4348,404458,429,1776708221916,133,133,false,false,216,,
4349,404459,429,1776708221917,131,131,false,false,216,,
4350,404460,429,1776708221916,132,132,false,false,216,,
4351,404461,429,1776708221916,132,132,false,false,216,,
4352,404462,429,1776708221917,131,131,false,false,216,,
4353,404463,429,1776708221918,130,130,false,false,216,,
4354,404464,429,1776708221917,132,132,false,false,216,,
4355,404465,429,1776708221917,131,131,false,false,216,,
4356,404466,429,1776708221972,155,155,false,false,216,,
4357,404467,429,1776708222049,133,133,false,false,216,,
4358,404468,429,1776708222051,132,132,false,false,216,,
4359,404469,429,1776708222050,132,132,false,false,216,,
4360,404470,429,1776708222050,132,132,false,false,216,,
4361,404471,429,1776708222051,131,131,false,false,216,,
4362,404472,429,1776708222052,194,194,false,false,216,,
4363,404473,429,1776708222051,131,131,false,false,216,,
4364,404474,429,1776708222050,132,132,false,false,216,,
4365,404475,429,1776708222052,193,193,false,false,216,,
4366,404476,429,1776708222129,186,187,false,false,216,,
4367,404477,429,1776708222184,131,131,false,false,216,,
4368,404478,429,1776708222184,131,131,false,false,216,,
4369,404479,429,1776708222185,130,130,false,false,216,,
4370,404480,429,1776708222185,130,130,false,false,216,,
4371,404481,429,1776708222186,130,130,false,false,216,,
4372,404482,429,1776708222185,130,130,false,false,216,,
4373,404483,429,1776708222185,131,131,false,false,216,,
4374,404484,429,1776708222247,133,133,false,false,216,,
4375,404485,429,1776708222247,201,201,false,false,216,,
4376,404486,429,1776708222317,131,131,false,false,216,,
4377,404487,429,1776708222317,131,131,false,false,216,,
4378,404488,429,1776708222318,130,130,false,false,216,,
4379,404489,429,1776708222318,130,130,false,false,216,,
4380,404490,429,1776708222317,131,131,false,false,216,,
4381,404491,429,1776708222317,130,130,false,false,216,,
4382,404492,429,1776708222317,130,130,false,false,216,,
4383,404493,429,1776708222318,130,130,false,false,216,,
4384,404494,429,1776708222380,221,221,false,false,216,,
4385,404495,429,1776708222449,86,86,false,false,216,,
4386,404496,429,1776708222449,152,152,false,false,216,,
4387,404497,429,1776708222449,152,152,false,false,216,,
4388,404498,429,1776708222449,152,152,false,false,216,,
4389,404499,429,1776708222449,152,152,false,false,216,,
4390,404500,429,1776708222449,152,152,false,false,216,,
4391,404501,429,1776708222449,152,152,false,false,216,,
4392,404502,429,1776708222449,152,152,false,false,216,,
4393,404503,429,1776708222536,148,148,false,false,216,,
4394,404504,429,1776708222449,152,152,false,false,216,,
4395,404505,429,1776708222603,149,149,false,false,216,,
4396,404506,429,1776708222602,150,150,false,false,216,,
4397,404507,429,1776708222603,149,149,false,false,216,,
4398,404508,429,1776708222603,150,150,false,false,216,,
4399,404509,429,1776708222603,149,149,false,false,216,,
4400,404510,429,1776708222602,150,150,false,false,216,,
4401,404511,429,1776708222602,150,150,false,false,216,,
4402,404512,429,1776708222602,149,149,false,false,216,,
4403,404513,429,1776708222603,150,150,false,false,216,,
4404,404514,429,1776708222686,135,135,false,false,216,,
4405,404515,429,1776708222754,132,132,false,false,216,,
4406,404516,429,1776708222754,131,131,false,false,216,,
4407,404517,429,1776708222754,132,132,false,false,216,,
4408,404518,429,1776708222753,132,132,false,false,216,,
4409,404519,429,1776708222754,131,131,false,false,216,,
4410,404520,429,1776708222755,130,131,false,false,216,,
4411,404521,429,1776708222755,130,130,false,false,216,,
4412,404522,429,1776708222755,194,195,false,false,216,,
4413,404523,429,1776708222755,194,194,false,false,216,,
4414,404524,429,1776708222822,197,197,false,false,216,,
4415,404525,429,1776708222887,132,132,false,false,216,,
4416,404526,429,1776708222887,132,132,false,false,216,,
4417,404527,429,1776708222888,131,131,false,false,216,,
4418,404528,429,1776708222887,132,132,false,false,216,,
4419,404529,429,1776708222888,131,131,false,false,216,,
4420,404530,429,1776708222888,131,131,false,false,216,,
4421,404531,429,1776708222888,131,131,false,false,216,,
4422,404532,429,1776708222951,133,133,false,false,216,,
4423,404533,429,1776708222951,202,202,false,false,216,,
4424,404534,429,1776708223020,133,133,false,false,216,,
4425,404535,429,1776708223021,132,132,false,false,216,,
4426,404536,429,1776708223022,131,131,false,false,216,,
4427,404537,429,1776708223022,131,131,false,false,216,,
4428,404538,429,1776708223021,132,132,false,false,216,,
4429,404539,429,1776708223021,132,132,false,false,216,,
4430,404540,429,1776708223021,132,132,false,false,216,,
4431,404541,429,1776708223022,131,131,false,false,216,,
4432,404542,429,1776708223085,148,148,false,false,216,,
4433,404543,429,1776708223157,181,181,false,false,216,,
4434,404544,429,1776708223155,131,131,false,false,216,,
4435,404545,429,1776708223156,130,130,false,false,216,,
4436,404546,429,1776708223156,130,130,false,false,216,,
4437,404547,429,1776708223155,132,132,false,false,216,,
4438,404548,429,1776708223155,131,131,false,false,216,,
4439,404549,429,1776708223156,130,130,false,false,216,,
4440,404550,429,1776708223155,131,131,false,false,216,,
4441,404551,429,1776708223157,180,180,false,false,216,,
4442,404552,429,1776708223234,185,185,false,false,216,,
4443,404553,429,1776708223287,177,177,false,false,216,,
4444,404554,429,1776708223288,176,176,false,false,216,,
4445,404555,429,1776708223288,176,176,false,false,216,,
4446,404556,429,1776708223289,225,225,false,false,216,,
4447,404557,429,1776708223289,226,226,false,false,216,,
4448,404558,429,1776708223289,175,175,false,false,216,,
4449,404559,429,1776708223288,176,176,false,false,216,,
4450,404560,429,1776708223339,176,176,false,false,216,,
4451,404561,429,1776708223339,176,176,false,false,216,,
4452,404562,429,1776708223421,158,158,false,false,216,,
4453,404563,429,1776708223466,182,182,false,false,216,,
4454,404564,429,1776708223466,182,182,false,false,216,,
4455,404565,429,1776708223467,181,181,false,false,216,,
4456,404566,429,1776708223466,182,182,false,false,216,,
4457,404567,429,1776708223466,182,182,false,false,216,,
4458,404568,429,1776708223517,131,132,false,false,216,,
4459,404569,429,1776708223516,132,132,false,false,216,,
4460,404570,429,1776708223516,132,132,false,false,216,,
4461,404571,429,1776708223517,131,131,false,false,216,,
4462,404572,429,1776708223580,132,132,false,false,216,,
4463,404573,429,1776708223651,126,126,false,false,216,,
4464,404574,429,1776708223650,127,127,false,false,216,,
4465,404575,429,1776708223649,127,127,false,false,216,,
4466,404576,429,1776708223651,189,189,false,false,216,,
4467,404577,429,1776708223651,126,126,false,false,216,,
4468,404578,429,1776708223650,126,126,false,false,216,,
4469,404579,429,1776708223650,126,126,false,false,216,,
4470,404580,429,1776708223651,126,126,false,false,216,,
4471,404581,429,1776708223652,189,189,false,false,216,,
4472,404582,429,1776708223713,197,197,false,false,216,,
4473,404583,429,1776708223779,132,132,false,false,216,,
4474,404584,429,1776708223778,133,133,false,false,216,,
4475,404585,429,1776708223779,132,132,false,false,216,,
4476,404586,429,1776708223780,131,131,false,false,216,,
4477,404587,429,1776708223779,132,132,false,false,216,,
4478,404588,429,1776708223780,131,131,false,false,216,,
4479,404589,429,1776708223778,133,133,false,false,216,,
4480,404590,429,1776708223842,133,133,false,false,216,,
4481,404591,429,1776708223842,202,202,false,false,216,,
4482,404592,429,1776708223912,132,132,false,false,216,,
4483,404593,429,1776708223914,131,131,false,false,216,,
4484,404594,429,1776708223913,132,132,false,false,216,,
4485,404595,429,1776708223913,132,132,false,false,216,,
4486,404596,429,1776708223914,131,131,false,false,216,,
4487,404597,429,1776708223913,132,132,false,false,216,,
4488,404598,429,1776708223914,131,131,false,false,216,,
4489,404599,429,1776708223914,131,131,false,false,216,,
4490,404600,429,1776708223976,136,136,false,false,216,,
4491,404601,429,1776708224046,130,130,false,false,216,,
4492,404602,429,1776708224048,192,192,false,false,216,,
4493,404603,429,1776708224048,128,128,false,false,216,,
4494,404604,429,1776708224047,129,129,false,false,216,,
4495,404605,429,1776708224046,130,130,false,false,216,,
4496,404606,429,1776708224047,129,129,false,false,216,,
4497,404607,429,1776708224047,129,129,false,false,216,,
4498,404608,429,1776708224048,128,129,false,false,216,,
4499,404609,429,1776708224048,128,128,false,false,216,,
4500,404610,429,1776708224114,194,194,false,false,216,,
4501,404611,429,1776708224178,129,129,false,false,216,,
4502,404612,429,1776708224178,129,129,false,false,216,,
4503,404613,429,1776708224177,130,130,false,false,216,,
4504,404614,429,1776708224178,129,129,false,false,216,,
4505,404615,429,1776708224177,130,130,false,false,216,,
4506,404616,429,1776708224178,130,130,false,false,216,,
4507,404617,429,1776708224177,130,130,false,false,216,,
4508,404618,429,1776708224178,129,129,false,false,216,,
4509,404619,429,1776708224241,145,146,false,false,216,,
4510,404620,429,1776708224309,134,134,false,false,216,,
4511,404621,429,1776708224309,134,134,false,false,216,,
4512,404622,429,1776708224310,133,133,false,false,216,,
4513,404623,429,1776708224309,133,133,false,false,216,,
4514,404624,429,1776708224309,133,133,false,false,216,,
4515,404625,429,1776708224310,133,133,false,false,216,,
4516,404626,429,1776708224310,189,189,false,false,216,,
4517,404627,429,1776708224310,189,189,false,false,216,,
4518,404628,429,1776708224311,189,189,false,false,216,,
4519,404629,429,1776708224389,186,186,false,false,216,,
4520,404630,429,1776708224445,131,131,false,false,216,,
4521,404631,429,1776708224444,131,131,false,false,216,,
4522,404632,429,1776708224444,131,131,false,false,216,,
4523,404633,429,1776708224445,196,196,false,false,216,,
4524,404634,429,1776708224445,130,130,false,false,216,,
4525,404635,429,1776708224445,130,130,false,false,216,,
4526,404636,429,1776708224501,208,208,false,false,216,,
4527,404637,429,1776708224501,207,207,false,false,216,,
4528,404638,429,1776708224501,207,207,false,false,216,,
4529,404639,429,1776708224578,131,131,false,false,216,,
4530,404640,429,1776708224577,132,132,false,false,216,,
4531,404641,429,1776708224577,131,131,false,false,216,,
4532,404642,429,1776708224578,131,131,false,false,216,,
4533,404643,429,1776708224577,131,131,false,false,216,,
4534,404644,429,1776708224578,130,130,false,false,216,,
4535,404645,429,1776708224643,133,133,false,false,216,,
4536,404646,429,1776708224710,130,130,false,false,216,,
4537,404647,429,1776708224711,129,129,false,false,216,,
4538,404648,429,1776708224710,131,132,false,false,216,,
4539,404649,429,1776708224712,193,193,false,false,216,,
4540,404650,429,1776708224710,130,130,false,false,216,,
4541,404651,429,1776708224710,130,130,false,false,216,,
4542,404652,429,1776708224711,130,130,false,false,216,,
4543,404653,429,1776708224711,132,132,false,false,216,,
4544,404654,429,1776708224711,129,129,false,false,216,,
4545,404655,429,1776708224776,199,199,false,false,216,,
4546,404656,429,1776708224842,134,134,false,false,216,,
4547,404657,429,1776708224842,133,133,false,false,216,,
4548,404658,429,1776708224843,132,132,false,false,216,,
4549,404659,429,1776708224843,132,132,false,false,216,,
4550,404660,429,1776708224843,131,131,false,false,216,,
4551,404661,429,1776708224844,131,131,false,false,216,,
4552,404662,429,1776708224844,131,131,false,false,216,,
4553,404663,429,1776708224844,194,194,false,false,216,,
4554,404664,429,1776708224906,203,203,false,false,216,,
4555,404665,429,1776708224976,136,136,false,false,216,,
4556,404666,429,1776708224977,134,135,false,false,216,,
4557,404667,429,1776708224977,133,133,false,false,216,,
4558,404668,429,1776708224977,133,133,false,false,216,,
4559,404669,429,1776708224978,132,132,false,false,216,,
4560,404670,429,1776708224977,135,135,false,false,216,,
4561,404671,429,1776708224978,131,131,false,false,216,,
4562,404672,429,1776708224978,131,132,false,false,216,,
4563,404673,429,1776708225040,136,136,false,false,216,,
4564,404674,429,1776708225111,179,179,false,false,216,,
4565,404675,429,1776708225112,179,180,false,false,216,,
4566,404676,429,1776708225112,178,178,false,false,216,,
4567,404677,429,1776708225112,178,178,false,false,216,,
4568,404678,429,1776708225113,177,177,false,false,216,,
4569,404679,429,1776708225113,177,177,false,false,216,,
4570,404680,429,1776708225114,176,176,false,false,216,,
4571,404681,429,1776708225114,176,176,false,false,216,,
4572,404682,429,1776708225115,175,175,false,false,216,,
4573,404683,429,1776708225178,178,178,false,false,216,,
4574,404684,429,1776708225291,129,129,false,false,216,,
4575,404685,429,1776708225291,129,129,false,false,216,,
4576,404686,429,1776708225291,129,129,false,false,216,,
4577,404687,429,1776708225291,129,129,false,false,216,,
4578,404688,429,1776708225291,129,129,false,false,216,,
4579,404689,429,1776708225292,194,194,false,false,216,,
4580,404690,429,1776708225292,129,129,false,false,216,,
4581,404691,429,1776708225292,194,194,false,false,216,,
4582,404692,429,1776708225292,194,194,false,false,216,,
4583,404693,429,1776708225357,195,195,false,false,216,,
4584,404694,429,1776708225421,131,131,false,false,216,,
4585,404695,429,1776708225421,131,131,false,false,216,,
4586,404696,429,1776708225421,131,131,false,false,216,,
4587,404697,429,1776708225422,130,130,false,false,216,,
4588,404698,429,1776708225422,131,131,false,false,216,,
4589,404699,429,1776708225422,131,131,false,false,216,,
4590,404700,429,1776708225487,144,144,false,false,216,,
4591,404701,429,1776708225487,211,211,false,false,216,,
4592,404702,429,1776708225487,211,211,false,false,216,,
4593,404703,429,1776708225554,146,147,false,false,216,,
4594,404704,429,1776708225555,147,147,false,false,216,,
4595,404705,429,1776708225555,145,145,false,false,216,,
4596,404706,429,1776708225555,143,144,false,false,216,,
4597,404707,429,1776708225555,145,145,false,false,216,,
4598,404708,429,1776708225556,146,146,false,false,216,,
4599,404709,429,1776708225556,146,146,false,false,216,,
4600,404710,429,1776708225633,201,201,false,false,216,,
4601,404711,429,1776708225700,134,134,false,false,216,,
4602,404712,429,1776708225700,134,134,false,false,216,,
4603,404713,429,1776708225700,84,84,false,false,216,,
4604,404714,429,1776708225701,133,133,false,false,216,,
4605,404715,429,1776708225702,132,132,false,false,216,,
4606,404716,429,1776708225703,195,195,false,false,216,,
4607,404717,429,1776708225704,194,194,false,false,216,,
4608,404718,429,1776708225704,194,194,false,false,216,,
4609,404719,429,1776708225704,193,193,false,false,216,,
4610,404720,429,1776708225786,176,177,false,false,216,,
4611,404721,429,1776708225835,176,176,false,false,216,,
4612,404722,429,1776708225836,176,176,false,false,216,,
4613,404723,429,1776708225836,191,191,false,false,216,,
4614,404724,429,1776708225836,176,176,false,false,216,,
4615,404725,429,1776708225836,175,175,false,false,216,,
4616,404726,429,1776708225899,182,182,false,false,216,,
4617,404727,429,1776708225899,218,218,false,false,216,,
4618,404728,429,1776708225900,218,218,false,false,216,,
4619,404729,429,1776708225900,181,181,false,false,216,,
4620,404730,429,1776708225964,186,187,false,false,216,,
4621,404731,429,1776708226014,184,184,false,false,216,,
4622,404732,429,1776708226013,185,185,false,false,216,,
4623,404733,429,1776708226013,185,185,false,false,216,,
4624,404734,429,1776708226014,184,184,false,false,216,,
4625,404735,429,1776708226028,170,170,false,false,216,,
4626,404736,429,1776708226082,180,180,false,false,216,,
4627,404737,429,1776708226083,179,180,false,false,216,,
4628,404738,429,1776708226119,207,207,false,false,216,,
4629,404739,429,1776708226119,207,207,false,false,216,,
4630,404740,429,1776708226152,174,174,false,false,216,,
4631,404741,429,1776708226199,127,127,false,false,216,,
4632,404742,429,1776708226200,126,126,false,false,216,,
4633,404743,429,1776708226201,125,125,false,false,216,,
4634,404744,429,1776708226200,126,126,false,false,216,,
4635,404745,429,1776708226200,126,126,false,false,216,,
4636,404746,429,1776708226263,127,127,false,false,216,,
4637,404747,429,1776708226264,184,184,false,false,216,,
4638,404748,429,1776708226329,119,119,false,false,216,,
4639,404749,429,1776708226327,121,121,false,false,216,,
4640,404750,429,1776708226330,166,166,false,false,216,,
4641,404751,429,1776708226328,120,120,false,false,216,,
4642,404752,429,1776708226329,167,167,false,false,216,,
4643,404753,429,1776708226329,167,167,false,false,216,,
4644,404754,429,1776708226328,120,120,false,false,216,,
4645,404755,504,1776708226330,166,166,false,false,216,,
4646,404756,429,1776708226392,168,168,false,false,216,,
4647,404757,429,1776708226449,171,171,false,false,216,,
4648,404758,429,1776708226450,171,171,false,false,216,,
4649,404759,429,1776708226450,171,171,false,false,216,,
4650,404760,429,1776708226450,170,170,false,false,216,,
4651,404761,429,1776708226450,171,171,false,false,216,,
4652,404762,429,1776708226498,184,184,false,false,216,,
4653,404763,429,1776708226498,184,184,false,false,216,,
4654,404764,429,1776708226497,185,185,false,false,216,,
4655,404765,429,1776708226498,185,185,false,false,216,,
4656,404766,429,1776708226561,193,193,false,false,216,,
4657,404767,429,1776708226622,132,132,false,false,216,,
4658,404768,429,1776708226623,131,131,false,false,216,,
4659,404769,429,1776708226623,131,131,false,false,216,,
4660,404770,429,1776708226622,132,132,false,false,216,,
4661,404771,429,1776708226623,131,131,false,false,216,,
4662,404772,429,1776708226685,199,199,false,false,216,,
4663,404773,429,1776708226684,199,199,false,false,216,,
4664,404774,429,1776708226684,199,199,false,false,216,,
4665,404775,429,1776708226684,136,136,false,false,216,,
4666,404776,429,1776708226756,128,128,false,false,216,,
4667,404777,429,1776708226757,126,126,false,false,216,,
4668,404778,429,1776708226756,127,127,false,false,216,,
4669,404779,429,1776708226756,127,127,false,false,216,,
4670,404780,429,1776708226757,126,126,false,false,216,,
4671,404781,429,1776708226757,126,126,false,false,216,,
4672,404782,429,1776708226821,129,129,false,false,216,,
4673,404783,429,1776708226886,131,131,false,false,216,,
4674,404784,429,1776708226886,199,199,false,false,216,,
4675,404785,429,1776708226885,132,132,false,false,216,,
4676,404786,429,1776708226885,132,132,false,false,216,,
4677,404787,429,1776708226885,131,131,false,false,216,,
4678,404788,429,1776708226886,131,131,false,false,216,,
4679,404789,429,1776708226886,131,131,false,false,216,,
4680,404790,429,1776708226885,132,132,false,false,216,,
4681,404791,429,1776708226887,199,199,false,false,216,,
4682,404792,429,1776708226952,200,200,false,false,216,,
4683,404793,429,1776708227018,134,134,false,false,216,,
4684,404794,429,1776708227018,134,134,false,false,216,,
4685,404795,429,1776708227019,133,133,false,false,216,,
4686,404796,429,1776708227020,133,133,false,false,216,,
4687,404797,429,1776708227019,133,133,false,false,216,,
4688,404798,429,1776708227019,133,133,false,false,216,,
4689,404799,429,1776708227020,132,132,false,false,216,,
4690,404800,429,1776708227087,198,199,false,false,216,,
4691,404801,429,1776708227087,130,130,false,false,216,,
4692,404802,429,1776708227154,132,132,false,false,216,,
4693,404803,429,1776708227155,131,131,false,false,216,,
4694,404804,429,1776708227155,130,130,false,false,216,,
4695,404805,429,1776708227155,131,131,false,false,216,,
4696,404806,429,1776708227154,132,132,false,false,216,,
4697,404807,429,1776708227154,131,131,false,false,216,,
4698,404808,429,1776708227154,131,131,false,false,216,,
4699,404809,429,1776708227155,130,130,false,false,216,,
4700,404810,429,1776708227218,130,130,false,false,216,,
4701,404811,429,1776708227287,130,130,false,false,216,,
4702,404812,429,1776708227287,129,129,false,false,216,,
4703,404813,429,1776708227288,129,129,false,false,216,,
4704,404814,429,1776708227288,128,128,false,false,216,,
4705,404815,429,1776708227288,129,129,false,false,216,,
4706,404816,429,1776708227288,128,128,false,false,216,,
4707,404817,429,1776708227289,128,128,false,false,216,,
4708,404818,429,1776708227289,127,127,false,false,216,,
4709,404819,429,1776708227289,127,127,false,false,216,,
4710,404820,429,1776708227350,132,133,false,false,216,,
4711,404821,429,1776708227419,129,129,false,false,216,,
4712,404822,429,1776708227418,130,130,false,false,216,,
4713,404823,429,1776708227419,128,128,false,false,216,,
4714,404824,429,1776708227419,128,128,false,false,216,,
4715,404825,429,1776708227419,128,128,false,false,216,,
4716,404826,429,1776708227420,127,128,false,false,216,,
4717,404827,429,1776708227420,127,127,false,false,216,,
4718,404828,429,1776708227418,129,129,false,false,216,,
4719,404829,429,1776708227420,192,192,false,false,216,,
4720,404830,429,1776708227483,195,195,false,false,216,,
4721,404831,429,1776708227548,130,130,false,false,216,,
4722,404832,429,1776708227548,130,130,false,false,216,,
4723,404833,429,1776708227548,130,130,false,false,216,,
4724,404834,429,1776708227548,130,130,false,false,216,,
4725,404835,429,1776708227548,130,130,false,false,216,,
4726,404836,429,1776708227548,130,130,false,false,216,,
4727,404837,429,1776708227548,130,130,false,false,216,,
4728,404838,429,1776708227548,130,130,false,false,216,,
4729,404839,429,1776708227612,148,148,false,false,216,,
4730,404840,429,1776708227679,132,132,false,false,216,,
4731,404841,429,1776708227681,131,131,false,false,216,,
4732,404842,429,1776708227679,132,132,false,false,216,,
4733,404843,429,1776708227681,185,186,false,false,216,,
4734,404844,429,1776708227680,132,132,false,false,216,,
4735,404845,429,1776708227680,132,132,false,false,216,,
4736,404846,429,1776708227680,131,131,false,false,216,,
4737,404847,429,1776708227680,131,131,false,false,216,,
4738,404848,429,1776708227681,131,131,false,false,216,,
4739,404849,429,1776708227762,171,171,false,false,216,,
4740,404850,429,1776708227813,120,120,false,false,216,,
4741,404851,429,1776708227813,121,121,false,false,216,,
4742,404852,429,1776708227813,120,120,false,false,216,,
4743,404853,429,1776708227813,120,120,false,false,216,,
4744,404854,429,1776708227814,120,120,false,false,216,,
4745,404855,429,1776708227813,121,121,false,false,216,,
4746,404856,429,1776708227814,120,120,false,false,216,,
4747,404857,429,1776708227814,188,188,false,false,216,,
4748,404858,429,1776708227867,134,134,false,false,216,,
4749,404859,429,1776708227936,134,134,false,false,216,,
4750,404860,429,1776708227935,134,134,false,false,216,,
4751,404861,429,1776708227935,135,135,false,false,216,,
4752,404862,429,1776708227935,134,134,false,false,216,,
4753,404863,429,1776708227935,134,134,false,false,216,,
4754,404864,429,1776708227936,134,134,false,false,216,,
4755,404865,429,1776708227935,135,135,false,false,216,,
4756,404866,429,1776708227936,133,133,false,false,216,,
4757,404867,429,1776708228004,195,195,false,false,216,,
4758,404868,429,1776708228003,131,131,false,false,216,,
4759,404869,429,1776708228072,127,127,false,false,216,,
4760,404870,429,1776708228071,128,128,false,false,216,,
4761,404871,429,1776708228073,126,126,false,false,216,,
4762,404872,429,1776708228071,127,127,false,false,216,,
4763,404873,429,1776708228072,126,126,false,false,216,,
4764,404874,429,1776708228073,189,189,false,false,216,,
4765,404875,429,1776708228072,127,127,false,false,216,,
4766,404876,429,1776708228073,189,189,false,false,216,,
4767,404877,429,1776708228136,127,127,false,false,216,,
4768,404878,429,1776708228200,140,140,false,false,216,,
4769,404879,429,1776708228201,139,139,false,false,216,,
4770,404880,429,1776708228201,139,139,false,false,216,,
4771,404881,429,1776708228200,140,140,false,false,216,,
4772,404882,429,1776708228200,140,140,false,false,216,,
4773,404883,429,1776708228201,139,139,false,false,216,,
4774,404884,429,1776708228201,139,140,false,false,216,,
4775,404885,429,1776708228264,207,207,false,false,216,,
4776,404886,429,1776708228263,208,208,false,false,216,,
4777,404887,429,1776708228263,208,208,false,false,216,,
4778,404888,429,1776708228341,130,130,false,false,216,,
4779,404889,429,1776708228341,79,79,false,false,216,,
4780,404890,429,1776708228341,130,130,false,false,216,,
4781,404891,429,1776708228341,130,130,false,false,216,,
4782,404892,429,1776708228341,130,130,false,false,216,,
4783,404893,429,1776708228341,130,130,false,false,216,,
4784,404894,429,1776708228341,194,194,false,false,216,,
4785,404895,429,1776708228421,183,183,false,false,216,,
4786,404896,429,1776708228473,131,131,false,false,216,,
4787,404897,429,1776708228472,131,131,false,false,216,,
4788,404898,429,1776708228473,131,131,false,false,216,,
4789,404899,429,1776708228473,130,130,false,false,216,,
4790,404900,429,1776708228473,131,131,false,false,216,,
4791,404901,429,1776708228473,130,130,false,false,216,,
4792,404902,429,1776708228474,130,130,false,false,216,,
4793,404903,429,1776708228474,130,130,false,false,216,,
4794,404904,429,1776708228536,202,202,false,false,216,,
4795,404905,429,1776708228605,133,133,false,false,216,,
4796,404906,429,1776708228606,82,82,false,false,216,,
4797,404907,429,1776708228607,195,195,false,false,216,,
4798,404908,429,1776708228606,133,133,false,false,216,,
4799,404909,429,1776708228607,131,131,false,false,216,,
4800,404910,429,1776708228606,132,132,false,false,216,,
4801,404911,429,1776708228605,133,133,false,false,216,,
4802,404912,429,1776708228606,132,132,false,false,216,,
4803,404913,429,1776708228607,131,131,false,false,216,,
4804,404914,429,1776708228690,177,177,false,false,216,,
4805,404915,429,1776708228740,126,126,false,false,216,,
4806,404916,429,1776708228740,127,127,false,false,216,,
4807,404917,429,1776708228740,127,127,false,false,216,,
4808,404918,429,1776708228740,127,127,false,false,216,,
4809,404919,429,1776708228741,126,126,false,false,216,,
4810,404920,429,1776708228741,126,126,false,false,216,,
4811,404921,429,1776708228741,126,126,false,false,216,,
4812,404922,429,1776708228743,187,187,false,false,216,,
4813,404923,429,1776708228803,127,127,false,false,216,,
4814,404924,429,1776708228868,129,129,false,false,216,,
4815,404925,429,1776708228868,129,129,false,false,216,,
4816,404926,429,1776708228868,129,129,false,false,216,,
4817,404927,429,1776708228868,129,129,false,false,216,,
4818,404928,429,1776708228868,128,128,false,false,216,,
4819,404929,429,1776708228868,129,129,false,false,216,,
4820,404930,429,1776708228868,129,129,false,false,216,,
4821,404931,429,1776708228868,129,129,false,false,216,,
4822,404932,429,1776708228932,232,232,false,false,216,,
4823,404933,429,1776708228932,165,165,false,false,216,,
4824,404934,429,1776708228999,165,165,false,false,216,,
4825,404935,429,1776708228999,165,165,false,false,216,,
4826,404936,429,1776708228998,165,165,false,false,216,,
4827,404937,429,1776708229000,164,164,false,false,216,,
4828,404938,429,1776708228999,165,165,false,false,216,,
4829,404939,429,1776708228999,165,165,false,false,216,,
4830,404940,429,1776708229000,164,164,false,false,216,,
4831,404941,429,1776708229000,164,164,false,false,216,,
4832,404942,429,1776708229098,150,150,false,false,216,,
4833,404943,429,1776708229165,132,132,false,false,216,,
4834,404944,429,1776708229167,131,131,false,false,216,,
4835,404945,429,1776708229166,132,132,false,false,216,,
4836,404946,429,1776708229167,131,131,false,false,216,,
4837,404947,429,1776708229166,132,132,false,false,216,,
4838,404948,429,1776708229166,132,132,false,false,216,,
4839,404949,429,1776708229167,131,131,false,false,216,,
4840,404950,429,1776708229167,130,131,false,false,216,,
4841,404951,429,1776708229168,189,189,false,false,216,,
4842,404952,429,1776708229250,172,172,false,false,216,,
4843,404953,429,1776708229300,121,121,false,false,216,,
4844,404954,429,1776708229299,122,122,false,false,216,,
4845,404955,429,1776708229300,121,121,false,false,216,,
4846,404956,429,1776708229300,121,121,false,false,216,,
4847,404957,429,1776708229301,121,121,false,false,216,,
4848,404958,429,1776708229300,121,121,false,false,216,,
4849,404959,429,1776708229301,185,185,false,false,216,,
4850,404960,429,1776708229301,185,185,false,false,216,,
4851,404961,429,1776708229358,434,434,false,false,216,,
4852,404962,429,1776708229423,369,369,false,false,216,,
4853,404963,429,1776708229423,369,369,false,false,216,,
4854,404964,429,1776708229424,368,368,false,false,216,,
4855,404965,429,1776708229423,368,368,false,false,216,,
4856,404966,429,1776708229424,368,368,false,false,216,,
4857,404967,429,1776708229423,369,369,false,false,216,,
4858,404968,429,1776708229423,369,369,false,false,216,,
4859,404969,429,1776708229488,438,438,false,false,216,,
4860,404970,429,1776708229487,438,438,false,false,216,,
4861,404971,429,1776708229793,133,133,false,false,216,,
4862,404972,429,1776708229795,131,131,false,false,216,,
4863,404973,429,1776708229794,132,132,false,false,216,,
4864,404974,429,1776708229795,194,194,false,false,216,,
4865,404975,429,1776708229794,131,131,false,false,216,,
4866,404976,429,1776708229794,82,82,false,false,216,,
4867,404977,429,1776708229795,131,131,false,false,216,,
4868,404978,429,1776708229795,194,194,false,false,216,,
4869,404979,429,1776708229877,183,183,false,false,216,,
4870,404980,429,1776708229927,134,134,false,false,216,,
4871,404981,429,1776708229928,133,133,false,false,216,,
4872,404982,429,1776708229928,132,133,false,false,216,,
4873,404983,429,1776708229927,133,133,false,false,216,,
4874,404984,429,1776708229928,132,132,false,false,216,,
4875,404985,429,1776708229928,349,349,false,false,216,,
4876,404986,429,1776708229929,349,349,false,false,216,,
4877,404987,429,1776708229991,287,287,false,false,216,,
4878,404988,429,1776708229991,286,286,false,false,216,,
4879,404989,429,1776708230062,216,216,false,false,216,,
4880,404990,429,1776708230062,215,215,false,false,216,,
4881,404991,429,1776708230063,215,215,false,false,216,,
4882,404992,429,1776708230063,215,215,false,false,216,,
4883,404993,429,1776708230063,214,214,false,false,216,,
4884,404994,429,1776708230063,147,147,false,false,216,,
4885,404995,429,1776708230212,198,198,false,false,216,,
4886,404996,429,1776708230279,131,131,false,false,216,,
4887,404997,429,1776708230280,83,83,false,false,216,,
4888,404998,429,1776708230281,129,129,false,false,216,,
4889,404999,429,1776708230279,131,131,false,false,216,,
4890,405000,429,1776708230281,193,193,false,false,216,,
4891,405001,429,1776708230280,130,130,false,false,216,,
4892,405002,429,1776708230280,130,130,false,false,216,,
4893,405003,429,1776708230280,130,130,false,false,216,,
4894,405004,429,1776708230281,130,130,false,false,216,,
4895,405005,429,1776708230365,180,180,false,false,216,,
4896,405006,429,1776708230412,133,133,false,false,216,,
4897,405007,429,1776708230414,131,131,false,false,216,,
4898,405008,429,1776708230413,132,132,false,false,216,,
4899,405009,429,1776708230414,131,131,false,false,216,,
4900,405010,429,1776708230412,132,132,false,false,216,,
4901,405011,429,1776708230413,132,132,false,false,216,,
4902,405012,429,1776708230413,132,132,false,false,216,,
4903,405013,429,1776708230414,130,130,false,false,216,,
4904,405014,429,1776708230476,136,136,false,false,216,,
4905,405015,429,1776708230547,130,130,false,false,216,,
4906,405016,429,1776708230546,131,131,false,false,216,,
4907,405017,429,1776708230548,129,129,false,false,216,,
4908,405018,429,1776708230547,130,130,false,false,216,,
4909,405019,429,1776708230548,129,129,false,false,216,,
4910,405020,429,1776708230547,129,129,false,false,216,,
4911,405021,503,1776708230546,130,130,false,false,216,,
4912,405022,503,1776708230548,192,192,false,false,216,,
4913,405023,503,1776708230548,193,193,false,false,216,,
4914,405024,503,1776708230613,193,193,false,false,216,,
4915,405025,503,1776708230678,127,127,false,false,216,,
4916,405026,503,1776708230679,127,127,false,false,216,,
4917,405027,503,1776708230680,190,190,false,false,216,,
4918,405028,503,1776708230679,126,126,false,false,216,,
4919,405029,503,1776708230679,127,127,false,false,216,,
4920,405030,503,1776708230678,127,127,false,false,216,,
4921,405031,503,1776708230679,126,126,false,false,216,,
4922,405032,503,1776708230742,128,128,false,false,216,,
4923,405033,503,1776708230742,198,198,false,false,216,,
4924,405034,503,1776708230807,132,132,false,false,216,,
4925,405035,503,1776708230808,132,132,false,false,216,,
4926,405036,503,1776708230809,131,131,false,false,216,,
4927,405037,503,1776708230808,132,132,false,false,216,,
4928,405038,503,1776708230808,132,133,false,false,216,,
4929,405039,503,1776708230809,131,131,false,false,216,,
4930,405040,503,1776708230809,131,131,false,false,216,,
4931,405041,503,1776708230871,133,133,false,false,216,,
4932,405042,503,1776708230871,205,205,false,false,216,,
4933,405043,503,1776708230943,133,133,false,false,216,,
4934,405044,503,1776708230942,134,134,false,false,216,,
4935,405045,503,1776708230943,133,133,false,false,216,,
4936,405046,503,1776708230942,133,133,false,false,216,,
4937,405047,503,1776708230943,132,132,false,false,216,,
4938,405048,503,1776708230942,134,134,false,false,216,,
4939,405049,503,1776708230943,133,133,false,false,216,,
4940,405050,503,1776708230943,132,132,false,false,216,,
4941,405051,503,1776708231005,136,136,false,false,216,,
4942,405052,503,1776708231079,128,128,false,false,216,,
4943,405053,503,1776708231077,130,130,false,false,216,,
4944,405054,503,1776708231077,129,129,false,false,216,,
4945,405055,503,1776708231078,128,128,false,false,216,,
4946,405056,503,1776708231079,260,260,false,false,216,,
4947,405057,503,1776708231078,129,129,false,false,216,,
4948,405058,503,1776708231080,191,191,false,false,216,,
4949,405059,503,1776708231078,129,129,false,false,216,,
4950,405060,503,1776708231079,191,191,false,false,216,,
4951,405061,503,1776708231143,196,196,false,false,216,,
4952,405062,503,1776708231209,131,131,false,false,216,,
4953,405063,503,1776708231209,130,130,false,false,216,,
4954,405064,503,1776708231210,130,130,false,false,216,,
4955,405065,503,1776708231209,130,130,false,false,216,,
4956,405066,503,1776708231210,130,130,false,false,216,,
4957,405067,503,1776708231210,129,129,false,false,216,,
4958,405068,503,1776708231272,197,197,false,false,216,,
4959,405069,503,1776708231272,197,197,false,false,216,,
4960,405070,503,1776708231341,129,129,false,false,216,,
4961,405071,503,1776708231340,129,129,false,false,216,,
4962,405072,503,1776708231341,129,129,false,false,216,,
4963,405073,503,1776708231341,128,128,false,false,216,,
4964,405074,503,1776708231340,129,129,false,false,216,,
4965,405075,503,1776708231341,129,129,false,false,216,,
4966,405076,503,1776708231341,80,80,false,false,216,,
4967,405077,503,1776708231341,128,128,false,false,216,,
4968,405078,503,1776708231422,129,129,false,false,216,,
4969,405079,503,1776708231470,148,148,false,false,216,,
4970,405080,503,1776708231470,148,148,false,false,216,,
4971,405081,503,1776708231470,148,148,false,false,216,,
4972,405082,503,1776708231470,148,148,false,false,216,,
4973,405083,503,1776708231471,147,147,false,false,216,,
4974,405084,503,1776708231471,147,147,false,false,216,,
4975,405085,503,1776708231471,147,147,false,false,216,,
4976,405086,503,1776708231471,148,148,false,false,216,,
4977,405087,503,1776708231471,148,148,false,false,216,,
4978,405088,503,1776708231552,200,200,false,false,216,,
4979,405089,503,1776708231622,194,194,false,false,216,,
4980,405090,503,1776708231620,132,132,false,false,216,,
4981,405091,503,1776708231621,82,82,false,false,216,,
4982,405092,503,1776708231621,130,130,false,false,216,,
4983,405093,503,1776708231621,131,131,false,false,216,,
4984,405094,503,1776708231621,130,130,false,false,216,,
4985,405095,503,1776708231620,132,132,false,false,216,,
4986,405096,503,1776708231620,131,131,false,false,216,,
4987,405097,503,1776708231622,194,194,false,false,216,,
4988,405098,503,1776708231704,182,182,false,false,216,,
4989,405099,503,1776708231753,133,133,false,false,216,,
4990,405100,503,1776708231753,133,133,false,false,216,,
4991,405101,503,1776708231753,133,133,false,false,216,,
4992,405102,503,1776708231754,133,133,false,false,216,,
4993,405103,503,1776708231754,132,132,false,false,216,,
4994,405104,503,1776708231754,132,132,false,false,216,,
4995,405105,503,1776708231755,132,132,false,false,216,,
4996,405106,503,1776708231818,267,267,false,false,216,,
4997,405107,503,1776708231818,267,267,false,false,216,,
4998,405108,503,1776708231888,83,83,false,false,216,,
4999,405109,503,1776708231888,197,197,false,false,216,,
5000,405110,503,1776708231889,196,196,false,false,216,,
5001,405111,503,1776708231889,196,196,false,false,216,,
